"ID","Description","setSize","enrichmentScore","NES","pvalue","p.adjust","qvalue","rank","leading_edge","core_enrichment","leadingGeneSymbols"
"GO:0002181","cytoplasmic translation",71,0.574049898966673,3.42356359234671,1e-10,7.7e-08,6.45263157894737e-08,855,"tags=97%, list=42%, signal=59%","57808/19942/27050/19899/20044/19944/13685/22186/66489/27207/20088/114641/108067/20054/76808/19946/67025/20115/22121/19943/20104/20091/54217/20085/20084/100503670/19982/19896/16898/65019/67115/19933/19951/20103/268449/27370/67945/66475/269261/267019/76846/270106/319195/67204/19988/78655/20055/67281/68135/73830/20102/54127/27367/68436/19921/20068/56040/67891/26961/68184/67671/19934/20116/26905/22608/19989/19981/18746/11837","Rpl35a/Rpl27/Rps3/Rpl18/Rps14/Rpl29/Eif4ebp1/Uba52/Rpl35/Rps11/Rps24/Rpl31/Eif2b3/Rps15/Rpl18a/Rpl30/Rpl11/Rps7/Rpl13a/Rpl28/Rps6/Rps3a1/Rpl36/Rps19/Rps18/Rpl5/Rpl36a/Rpl10a/Rps2/Rpl23/Rpl14/Rpl21/Rpl32/Rps5/Rpl23a/Rps26/Rpl41/Rps23/Rpl12/Rps15a/Rps9/Rpl13/Rpl17/Eif2s2/Rpl6/Eif3j1/Rps16/Rpl37/Eif3h/Eif3k/Rps4x/Rps28/Rpl3/Rpl34/Rpl19/Rps17/Rplp1/Rpl4/Rpl8/Denr/Rpl38/Rpl22/Rps8/Eif2s3x/Ybx1/Rpl7/Rpl37a/Pkm/Rplp0"
"GO:0006412","translation",136,0.44722358844608,3.05524460058475,1e-10,7.7e-08,6.45263157894737e-08,861,"tags=85%, list=42%, signal=53%","100568459/17165/66047/57808/19942/27050/19899/20044/68463/19944/79044/13685/19935/22186/66489/27207/20088/114641/66230/108067/20054/76808/19946/66242/67025/20115/22121/67994/107733/19943/19735/67270/20104/67707/20091/54217/69860/20085/20084/100503670/67710/67308/19982/19896/68537/16898/65019/19652/67115/68966/19933/19951/20103/268449/27370/66419/67945/66475/78523/269261/267019/56282/15469/56736/76846/270106/66143/72284/319195/17149/67204/19988/14433/94064/78655/64656/77006/20055/66448/78428/16011/67281/68135/67267/73830/20102/66407/14548/54127/13722/27367/27393/16418/68436/19921/66118/60365/20068/56040/67891/26961/68184/67671/276770/110954/19934/20116/26905/22608/19989/19045/19981/18746/11837/80890","Bc1/Mapkapk5/Mrpl54/Rpl35a/Rpl27/Rps3/Rpl18/Rps14/Mrpl14/Rpl29/Mrps34/Eif4ebp1/Mrpl23/Uba52/Rpl35/Rps11/Rps24/Rpl31/Mrps28/Eif2b3/Rps15/Rpl18a/Rpl30/Mrps16/Rpl11/Rps7/Rpl13a/Mrps11/Mrpl41/Rpl28/Rgs2/Mrpl42/Rps6/Mrpl24/Rps3a1/Rpl36/Eif1ad/Rps19/Rps18/Rpl5/Polr2g/Mrpl46/Rpl36a/Rpl10a/Mrpl13/Rps2/Rpl23/Rbm3/Rpl14/Ngdn/Rpl21/Rpl32/Rps5/Rpl23a/Rps26/Mrpl11/Rpl41/Rps23/Mrpl9/Rpl12/Rps15a/Mrpl12/Prmt1/Rnf14/Rps9/Rpl13/Eef1e1/LTO1/Rpl17/Magoh/Eif2s2/Rpl6/Gapdh/Mrpl27/Eif3j1/Mrps23/Ddrgk1/Rps16/Mrpl20/Pym1/Igfbp5/Rpl37/Eif3h/Uqcc2/Eif3k/Rps4x/Mrps15/Mrps33/Rps28/Aimp1/Rpl3/Mrpl39/Eif6/Rpl34/Rpl19/Sarnp/Rbm8a/Rps17/Rplp1/Rpl4/Rpl8/Denr/Rpl38/Eif5a/Rpl10/Rpl22/Rps8/Eif2s3x/Ybx1/Rpl7/Ppp1ca/Rpl37a/Pkm/Rplp0/Trim2"
"GO:0009653","anatomical structure morphogenesis",443,-0.290905642942481,-2.400312280429,1e-10,7.7e-08,6.45263157894737e-08,522,"tags=40%, list=25%, signal=38%","241568/15165/68169/13518/20239/16403/245537/215999/243725/76901/240185/72313/18191/20496/58235/217692/230959/116838/18749/18763/277939/58250/21375/108655/20404/230234/58998/327826/13837/14810/114142/53321/320027/14009/233071/22417/17128/99683/11789/432530/15904/76884/331461/13869/58208/23908/109711/19699/12826/65964/14107/70435/18012/330914/14218/11732/18028/18033/270120/14804/108699/77097/83814/94109/11941/269233/239719/57778/70097/12808/58234/19271/110796/57764/320365/12322/239096/16658/216049/20473/268902/20191/22253/15572/74318/18129/241134/50768/214058/11787/230676/14775/116837/12827/12891/18187/399558/11819/18021/18516/238276/223701/23872/77446/80883/114249/270190/244281/21676/16880/20678/210801/20319/23945/18750/18019/12053/16410/192167/14200/75547/20346/83767/77630/106042/14260/27428/218194/228662/67252/12561/11472/12125/68750/229759/244418/69993/20358/13841/330222/20356/56458/19277/11658/13176/17919/19091/20378/12224/12704/14585/110596/21844/12564/21349/338362/12043/243362/21813/17127/17158/20564/13819/77018/20315/20980/215654/68810/19250/16590/66860/23965/12628/231470/243931/12563/64074","Lrrc4c/Hcn1/Ndnf/Dst/Atxn2/Itga6/Nlgn3/Mcu/Ppp1r9a/Jade2/Jcad/Fryl/Nrxn3/Slc12a2/Nectin1/Sipa1l1/Ajap1/Rims2/Prkacb/Pkd1/C2cd3/Chst11/Tbr1/Foxp1/Sh3gl2/Abitram/Nectin3/Frs2/Epha3/Grin1/Foxp2/Cntnap1/Fstl4/Etv1/Arhgap33/Wnt4/Smad4/Sec24b/Apc/Adcy1/Id4/Cyfip2/Il1rapl1/Erbb4/Bcl11b/Hs2st1/Actn1/Reln/Col4a1/Map3k20/Fat1/Inf2/Neurod1/Arhgap32/Sh3pxd2a/Ank/Nfib/Nfkb1/Fat3/Grid2/Chn1/Tanc2/Nedd4l/Csmd1/Atp2b2/Fam171a1/Mrtfb/Fmnl1/Sash1/Cobl/Shank3/Ptprj/Tshz1/Ntn4/Fry/Camk2a/Cdh24/Mafb/Zfp365/Six3/Robo2/Ryr2/Unc5c/Elavl4/Hopx/Notch2/Nyap2/Dlc1/Megf11/Apbb2/Szt2/Gpx1/Rims1/Col4a2/Cpne6/Nrp2/Flrt2/Nr2f2/Nfatc3/Pbx3/Akap5/Mrtfa/Ets2/Heg1/Ntng1/Npnt/Ephb1/Myo16/Tead1/Lifr/Sox5/Unc5d/Sfrp2/Mgll/Prkca/Nfatc2/Bcl6/Itgav/Nlgn1/Fhl2/Akap13/Sema3a/Wasf1/Prdm8/Prickle1/Fmn1/Shroom3/Phactr1/Btbd3/Cap2/Cdh4/Actn2/Bcl2l11/Rreb1/Olfm3/Prag1/Chn2/Sema6a/Epha7/Sdk1/Sema5a/Foxo1/Ptpro/Alcam/Dcc/Myo5b/Prkg1/Frzb/Klf5/Cit/Gfra1/Arhgef28/Tiam1/Cdh8/Tal1/Ust/Bcl2/Stard13/Tgfbr2/Smad3/Man2a1/Slit3/Epas1/Col25a1/Cxcl12/Syt2/Cdh12/Nexn/Ptpn14/Kit/Tanc1/Tenm3/Cfh/Fras1/Tshz3/Cdh6/Smoc2"
"GO:0022613","ribonucleoprotein complex biogenesis",64,0.515637305331425,3.00979051644978,1.95817299303973e-09,1.13084490348044e-06,9.47652666894753e-07,808,"tags=86%, list=39%, signal=54%","57808/19942/52530/107686/20044/67332/66489/27207/20088/20054/69713/67025/20115/67205/22121/20630/14109/68077/59050/66161/20104/73736/20091/20085/100503670/68988/30946/50783/54364/67115/68966/20103/66475/68011/267019/76846/66181/72284/66538/67204/78655/20055/68135/73830/20102/20638/52521/76183/54127/16418/20068/68184/67671/20116/26905","Rpl35a/Rpl27/Nhp2/Snrpd2/Rps14/Snrpd3/Rpl35/Rps11/Rps24/Rps15/Pin4/Rpl11/Rps7/Utp11/Rpl13a/Snrpc/Fau/Nop53/Nsa2/Pop4/Rps6/Fcf1/Rps3a1/Rps19/Rpl5/Prpf31/Abt1/Lsm4/Rpp30/Rpl14/Ngdn/Rps5/Rps23/Snrpg/Rps15a/Rps9/Nop10/LTO1/Rps19bp1/Eif2s2/Eif3j1/Rps16/Eif3h/Eif3k/Rps4x/Snrpb/Zfp622/Celf6/Rps28/Eif6/Rps17/Denr/Rpl38/Rps8/Eif2s3x"
"GO:0048468","cell development",486,-0.256658672633213,-2.13985633115788,3.50064719582672e-09,1.61729900447194e-06,1.3553031985527e-06,937,"tags=63%, list=46%, signal=45%","214469/319504/386750/192119/235320/23969/50791/77573/13548/223254/13839/15251/72135/17536/271564/17118/26556/329152/381305/245880/235439/224617/381022/56508/50769/57138/83797/11352/104082/18212/73178/67095/223255/94185/108058/77044/67703/380711/103967/50876/69754/73242/56710/329165/20660/18163/16653/18810/67886/52906/20662/76108/17684/53883/217864/13838/20664/19274/54126/15213/20563/16971/56177/12914/18377/17755/67299/17754/54003/73340/234593/18189/329251/229791/67263/68703/11655/13823/228852/77300/71371/11938/12298/208727/13196/11305/19261/224860/214162/20663/14042/210933/56381/76965/21873/56484/74103/240880/56406/328572/20979/240058/11909/16500/71751/68268/24136/11881/231876/17258/20562/11735/16498/226251/19645/20312/14924/75695/380959/74777/16589/238871/239667/319974/17965/277360/223435/268980/19726/238161/544752/241568/15165/68169/13518/18991/20239/20964/16403/74256/245537/243725/76901/72313/17475/58235/217692/116838/58250/21375/108655/20404/108800/230234/327826/13837/14810/53321/320027/56468/14009/233071/11733/22417/17128/99683/11789/104015/432530/15904/76884/230257/331461/13869/58208/109711/19699/14107/18012/330914/12950/14218/18028/270120/14804/108699/77097/20741/70465/19419/83814/11941/239719/18627/12808/58234/18488/19271/14011/239985/57764/227541/320365/17132/268936/12322/16658/216049/20473/268902/22253/241514/15572/18129/241134/11787/13803/230676/14775/116837/260305/20112/12891/218203/18187/399558/18021/18516/238276/223701/13488/19270/18011/17311/77446/80883/17221/270190/244281/234214/13610/16880/210801/20319/23945/18750/18019/11554/12053/110197/192167/14200/75547/20745/20346/83767/77630/106042/27428/218194/228662/12561/11472/23964/269023/229759/11682/244418/69993/20358/13841/330222/20356/19277/11658/18795/13176/269784/17919/19091/20378/12224/12704/14585/54611/17968/110596/21844/226101/21349/338362/12043/21813/17127/17158/20564/13819/77018/20315/20980/68810/16590/23965/12628/20668","Fam168b/Nrcam/Slitrk3/Dicer1/Zbtb16/Pacsin1/Magi2/Vps33a/Dyrk1a/Farp1/Epha5/Hif1a/Pygo1/Meis2/Vps13a/Marcks/Homer1/Hecw2/Rc3h1/Wasf3/Herc1/Tbc1d24/Kmt2d/Rapgef4/Atp8a2/Slc12a5/Smarcd1/Abl2/Wdr7/Ntrk2/Wasl/Trak1/Stk24/Tnfrsf21/Camk2d/Arid2/Kirrel3/Rap1gap2/Dnm3/Tmod2/Fbxo7/Atat1/Brinp1/Abi2/Sorl1/Ctnnd2/Kras/Plec/Camsap2/Ahi1/Sos1/Rap2a/Cited2/Celsr2/Rcor1/Epha4/Sox1/Ptprm/Arhgef7/Hey1/Slit2/Lrp1/Olfm1/Crebbp/Omg/Map1b/Dock7/Map1a/Nell2/Nptxr/Ndrg4/Nrxn1/Ppp1r12b/Plppr4/Zswim6/Rere/Alas1/Epb41l3/Ppp1r16b/Raph1/Arid5b/Atp2a2/Cacnb4/Hdac4/Asap1/Abca2/Sirpa/Plcl2/Kmt2a/Sos2/Ext1/Adgrb3/Spen/Slitrk1/Tjp2/Foxo3/Nebl/Scyl3/Ncoa6/Ep300/Syt1/Cpne5/Atf2/Kcnb1/Map3k13/Zdhhc21/Zeb2/Arsb/Lmtk2/Mef2a/Slit1/Ank3/Kcnab2/Ablim1/Rb1/Cx3cl1/Magi1/Rilpl1/Alg10b/Selenon/Uhmk1/Pde4d/Dip2b/Auts2/Nbl1/Prex1/Trio/Strn/Rfx3/Akap6/Tug1/Lrrc4c/Hcn1/Ndnf/Dst/Pou3f1/Atxn2/Syn1/Itga6/Cyld/Nlgn3/Ppp1r9a/Jade2/Fryl/Mpdz/Nectin1/Sipa1l1/Rims2/Chst11/Tbr1/Foxp1/Sh3gl2/Ston2/Abitram/Frs2/Epha3/Grin1/Cntnap1/Fstl4/Socs5/Etv1/Arhgap33/Ank1/Wnt4/Smad4/Sec24b/Apc/Synj1/Adcy1/Id4/Cyfip2/Ptbp3/Il1rapl1/Erbb4/Bcl11b/Actn1/Reln/Fat1/Neurod1/Arhgap32/Hapln1/Sh3pxd2a/Nfib/Fat3/Grid2/Chn1/Tanc2/Sptb/Wdr77/Rasgrp1/Nedd4l/Atp2b2/Mrtfb/Per2/Cobl/Shank3/Cntn3/Ptprj/Etv6/Arid1b/Ntn4/Camk1d/Fry/Maf/Brpf3/Camk2a/Mafb/Zfp365/Six3/Robo2/Unc5c/Zfp804a/Elavl4/Notch2/Nyap2/Apbb2/Enc1/Szt2/Gpx1/Rims1/Nphp4/Rps6ka2/Cpne6/Mylip/Nrp2/Flrt2/Nfatc3/Pbx3/Akap5/Mrtfa/Drd1/Ptprg/Neurl1a/Kitl/Heg1/Ntng1/Cd46/Ephb1/Myo16/Sorbs2/S1pr3/Lifr/Unc5d/Sfrp2/Mgll/Prkca/Nfatc2/Adrb1/Bcl6/Dgkg/Nlgn1/Fhl2/Akap13/Spock1/Sema3a/Wasf1/Prdm8/Prickle1/Shroom3/Phactr1/Btbd3/Cdh4/Actn2/Tenm2/Zfp608/Olfm3/Alk/Prag1/Chn2/Sema6a/Epha7/Sdk1/Sema5a/Ptpro/Alcam/Plcb1/Dcc/Cntn4/Myo5b/Prkg1/Frzb/Klf5/Cit/Gfra1/Pde3a/Ncam2/Arhgef28/Tiam1/Myof/Tal1/Ust/Bcl2/Tgfbr2/Smad3/Man2a1/Slit3/Epas1/Col25a1/Cxcl12/Syt2/Nexn/Kit/Tenm3/Cfh/Sox13"
"GO:0007155","cell adhesion",224,-0.321200766558502,-2.38924251885553,4.50081118335759e-09,1.73281230559267e-06,1.45210381863063e-06,560,"tags=45%, list=27%, signal=37%","230868/238871/72349/23938/211712/277360/207683/241568/68169/13518/16403/74256/245537/240185/100039795/18191/17475/58235/230959/18763/58998/13837/72007/53321/56468/22417/11789/76884/331461/109711/19699/68799/16180/14107/12950/270120/14804/18754/19419/22288/219257/18488/19271/64085/57764/239096/268902/242409/50768/214058/18526/219228/399558/94212/17311/80883/17221/114249/270190/210801/18750/12053/16410/192167/20745/106042/14260/12561/11472/12125/68750/23964/269023/105827/239857/20358/13841/330222/20356/11658/18795/54357/13176/269784/19091/104099/17968/21844/12564/12043/21813/17127/20315/215654/68810/16590/23965/12628/20668/12563/64074","Igsf21/Pde4d/Dusp3/Map2k5/Pcdh9/Prex1/Igsf11/Lrrc4c/Ndnf/Dst/Itga6/Cyld/Nlgn3/Jcad/Ildr2/Nrxn3/Mpdz/Nectin1/Ajap1/Pkd1/Nectin3/Epha3/Fndc3b/Cntnap1/Socs5/Wnt4/Apc/Cyfip2/Il1rapl1/Actn1/Reln/Rgmb/Il1rap/Fat1/Hapln1/Fat3/Grid2/Prkce/Rasgrp1/Utrn/Pcdh20/Cntn3/Ptprj/Clstn2/Ntn4/Cdh24/Robo2/Tmem8b/Dlc1/Megf11/Pcdh10/Pcdh17/Flrt2/Pag1/Kitl/Ntng1/Cd46/Npnt/Ephb1/Unc5d/Prkca/Bcl6/Itgav/Nlgn1/Spock1/Prickle1/Fmn1/Cdh4/Actn2/Bcl2l11/Rreb1/Tenm2/Zfp608/Amigo2/Cadm2/Sema6a/Epha7/Sdk1/Sema5a/Alcam/Plcb1/Epb41l4b/Dcc/Cntn4/Prkg1/Itga9/Ncam2/Tiam1/Cdh8/Bcl2/Tgfbr2/Smad3/Cxcl12/Cdh12/Nexn/Kit/Tenm3/Cfh/Sox13/Cdh6/Smoc2"
"GO:0009060","aerobic respiration",40,0.592338486068769,3.01892249197296,1.84133388851365e-08,5.85990884018107e-06,4.91062764050717e-06,824,"tags=98%, list=40%, signal=59%","12862/20617/407785/66091/67530/66414/66594/68077/22272/75406/12861/15929/66916/230075/57320/12859/12850/269951/67184/68202/68342/104130/595136/78330/68197/66495/66142/13063/67267/66108/66152/68263/12868/66592/66383/69875/72900/67680/12857","Cox6a2/Snca/Ndufs6/Ndufa3/Uqcrb/Ndufa12/Uqcr11/Nop53/Uqcrq/Ndufs7/Cox6a1/Idh3g/Ndufb7/Ndufb6/Park7/Cox5b/Coq7/Idh2/Ndufa13/Ndufa5/Ndufb10/Ndufb11/Ndufs5/Ndufv3/Ndufc2/Ndufb3/Cox7b/Cycs/Uqcc2/Ndufa9/Uqcr10/Pdhb/Cox8a/Stoml2/Iscu/Ndufa11/Ndufv2/Sdhb/Cox4i1"
"GO:0042254","ribosome biogenesis",44,0.566402664375506,2.96639872123197,2.02940565893717e-08,5.85990884018107e-06,4.91062764050717e-06,827,"tags=93%, list=40%, signal=57%","57808/19942/52530/20044/66489/27207/20088/20054/69713/67025/20115/67205/14109/68077/59050/66161/20104/73736/20091/20085/100503670/30946/54364/67115/68966/20103/66475/267019/76846/66181/72284/66538/20055/20102/52521/54127/16418/20068/67671/20116/19989","Rpl35a/Rpl27/Nhp2/Rps14/Rpl35/Rps11/Rps24/Rps15/Pin4/Rpl11/Rps7/Utp11/Fau/Nop53/Nsa2/Pop4/Rps6/Fcf1/Rps3a1/Rps19/Rpl5/Abt1/Rpp30/Rpl14/Ngdn/Rps5/Rps23/Rps15a/Rps9/Nop10/LTO1/Rps19bp1/Rps16/Rps4x/Zfp622/Rps28/Eif6/Rps17/Rpl38/Rps8/Rpl7"
"GO:0140236","translation at presynapse",36,0.597615499254843,2.93227320018846,3.17364819596509e-08,6.66466121152669e-06,5.58501342811464e-06,846,"tags=100%, list=41%, signal=60%","57808/19942/20044/19944/22186/66489/27207/20088/22121/19943/54217/100503670/19982/19896/65019/67115/19951/20103/268449/27370/269261/267019/270106/319195/19988/20055/67281/54127/68436/67891/26961/67671/110954/19934/19989/19981","Rpl35a/Rpl27/Rps14/Rpl29/Uba52/Rpl35/Rps11/Rps24/Rpl13a/Rpl28/Rpl36/Rpl5/Rpl36a/Rpl10a/Rpl23/Rpl14/Rpl32/Rps5/Rpl23a/Rps26/Rpl12/Rps15a/Rpl13/Rpl17/Rpl6/Rps16/Rpl37/Rps28/Rpl34/Rpl4/Rpl8/Rpl38/Rpl10/Rpl22/Rpl7/Rpl37a"
"GO:0140241","translation at synapse",36,0.597615499254843,2.93227320018846,3.17364819596509e-08,6.66466121152669e-06,5.58501342811464e-06,846,"tags=100%, list=41%, signal=60%","57808/19942/20044/19944/22186/66489/27207/20088/22121/19943/54217/100503670/19982/19896/65019/67115/19951/20103/268449/27370/269261/267019/270106/319195/19988/20055/67281/54127/68436/67891/26961/67671/110954/19934/19989/19981","Rpl35a/Rpl27/Rps14/Rpl29/Uba52/Rpl35/Rps11/Rps24/Rpl13a/Rpl28/Rpl36/Rpl5/Rpl36a/Rpl10a/Rpl23/Rpl14/Rpl32/Rps5/Rpl23a/Rps26/Rpl12/Rps15a/Rpl13/Rpl17/Rpl6/Rps16/Rpl37/Rps28/Rpl34/Rpl4/Rpl8/Rpl38/Rpl10/Rpl22/Rpl7/Rpl37a"
"GO:0140242","translation at postsynapse",36,0.597615499254843,2.93227320018846,3.17364819596509e-08,6.66466121152669e-06,5.58501342811464e-06,846,"tags=100%, list=41%, signal=60%","57808/19942/20044/19944/22186/66489/27207/20088/22121/19943/54217/100503670/19982/19896/65019/67115/19951/20103/268449/27370/269261/267019/270106/319195/19988/20055/67281/54127/68436/67891/26961/67671/110954/19934/19989/19981","Rpl35a/Rpl27/Rps14/Rpl29/Uba52/Rpl35/Rps11/Rps24/Rpl13a/Rpl28/Rpl36/Rpl5/Rpl36a/Rpl10a/Rpl23/Rpl14/Rpl32/Rps5/Rpl23a/Rps26/Rpl12/Rps15a/Rpl13/Rpl17/Rpl6/Rps16/Rpl37/Rps28/Rpl34/Rpl4/Rpl8/Rpl38/Rpl10/Rpl22/Rpl7/Rpl37a"
"GO:0006119","oxidative phosphorylation",36,0.589197229170131,2.8909679331863,5.61540398892706e-08,1.08096526786846e-05,9.05853327687444e-06,824,"tags=97%, list=40%, signal=59%","12862/20617/407785/66091/67530/66414/66594/22272/75406/12861/66916/230075/57320/12859/12850/67184/68202/68342/104130/595136/78330/68197/66495/66142/13063/67267/66108/66152/12868/66592/66383/69875/72900/67680/12857","Cox6a2/Snca/Ndufs6/Ndufa3/Uqcrb/Ndufa12/Uqcr11/Uqcrq/Ndufs7/Cox6a1/Ndufb7/Ndufb6/Park7/Cox5b/Coq7/Ndufa13/Ndufa5/Ndufb10/Ndufb11/Ndufs5/Ndufv3/Ndufc2/Ndufb3/Cox7b/Cycs/Uqcc2/Ndufa9/Uqcr10/Cox8a/Stoml2/Iscu/Ndufa11/Ndufv2/Sdhb/Cox4i1"
"GO:0009887","animal organ morphogenesis",141,-0.346331126105637,-2.39546662575676,1.21122404719882e-07,2.15225196079175e-05,1.80359596987743e-05,491,"tags=47%, list=24%, signal=38%","20496/58235/230959/18763/277939/58250/21375/58998/327826/114142/22417/17128/99683/11789/15904/13869/58208/23908/14107/18012/11732/18028/18033/270120/94109/11941/239719/58234/110796/57764/16658/20473/268902/20191/18129/50768/214058/18187/399558/18516/77446/80883/114249/270190/21676/20678/20319/16410/14200/20346/106042/14260/12125/229759/330222/56458/20378/12043/21813/17127/17158/20564/23965/12628/231470/243931","Slc12a2/Nectin1/Ajap1/Pkd1/C2cd3/Chst11/Tbr1/Nectin3/Frs2/Foxp2/Wnt4/Smad4/Sec24b/Apc/Id4/Erbb4/Bcl11b/Hs2st1/Fat1/Neurod1/Ank/Nfib/Nfkb1/Fat3/Csmd1/Atp2b2/Mrtfb/Shank3/Tshz1/Ntn4/Mafb/Six3/Robo2/Ryr2/Notch2/Dlc1/Megf11/Nrp2/Flrt2/Pbx3/Heg1/Ntng1/Npnt/Ephb1/Tead1/Sox5/Sfrp2/Itgav/Fhl2/Sema3a/Prickle1/Fmn1/Bcl2l11/Olfm3/Sdk1/Foxo1/Frzb/Bcl2/Tgfbr2/Smad3/Man2a1/Slit3/Tenm3/Cfh/Fras1/Tshz3"
"GO:0006364","rRNA processing",30,0.613361001581494,2.81349289398869,2.1411663834252e-07,3.53292453265157e-05,2.96060524745785e-05,457,"tags=73%, list=22%, signal=58%","57808/19942/52530/20044/66489/20088/20054/69713/67025/20115/67205/68077/59050/66161/20104/73736/20085/100503670/30946/54364/67115/68966","Rpl35a/Rpl27/Nhp2/Rps14/Rpl35/Rps24/Rps15/Pin4/Rpl11/Rps7/Utp11/Nop53/Nsa2/Pop4/Rps6/Fcf1/Rps19/Rpl5/Abt1/Rpp30/Rpl14/Ngdn"
"GO:0016072","rRNA metabolic process",33,0.589363850518089,2.79212873010556,2.9981630932184e-07,4.48445167363651e-05,3.75798889397018e-05,751,"tags=91%, list=37%, signal=59%","57808/19942/52530/20044/66489/20088/20054/69713/67025/20115/67205/68077/59050/66161/20104/73736/20085/100503670/30946/54364/66420/67115/68966/66181/21340/68544/20055/54127/16418/20068","Rpl35a/Rpl27/Nhp2/Rps14/Rpl35/Rps24/Rps15/Pin4/Rpl11/Rps7/Utp11/Nop53/Nsa2/Pop4/Rps6/Fcf1/Rps19/Rpl5/Abt1/Rpp30/Polr2e/Rpl14/Ngdn/Nop10/Taf1b/Trir/Rps16/Rps28/Eif6/Rps17"
"GO:0050793","regulation of developmental process",409,-0.242194913001555,-1.98061988307311,3.10611371334131e-07,4.48445167363651e-05,3.75798889397018e-05,538,"tags=38%, list=26%, signal=35%","17965/19017/277360/223435/19726/238161/17978/241568/20239/74256/245537/215999/243725/76901/240185/20496/12457/217692/230959/116838/108655/67468/327826/13837/72007/14810/53321/240843/320027/56468/105722/666794/233071/22417/17128/99683/11789/104015/15904/230257/331461/13869/58208/19699/67972/83925/16180/70435/18012/330914/12950/11732/18028/270120/14804/108699/77097/70465/19419/83814/269233/239719/18627/57778/70097/12808/58234/64085/57764/227541/17132/268936/16658/216049/20473/242384/268902/22253/15572/26408/74318/18129/243937/50768/16526/116837/67603/12827/12891/399558/18021/207259/238276/18011/17311/109593/80883/17221/114249/270190/50766/21676/13610/20678/20319/23945/18750/18019/11554/12053/16410/110197/228714/192167/20346/106042/27428/12561/12125/320460/68750/269023/105827/11682/244418/20358/13841/330222/20356/56458/18795/242864/269784/17919/20378/12224/243499/12704/54611/21844/216028/21349/338362/12043/243362/21813/17127/17158/20315/20980/16590/99633/20668/243931/64074","Nbl1/Ppargc1a/Prex1/Trio/Rfx3/Akap6/Ncoa2/Lrrc4c/Atxn2/Cyld/Nlgn3/Mcu/Ppp1r9a/Jade2/Jcad/Slc12a2/Noct/Sipa1l1/Ajap1/Rims2/Foxp1/Mmd/Frs2/Epha3/Fndc3b/Grin1/Cntnap1/Brinp2/Fstl4/Socs5/Ano6/Rbm24/Arhgap33/Wnt4/Smad4/Sec24b/Apc/Synj1/Id4/Ptbp3/Il1rapl1/Erbb4/Bcl11b/Reln/Atp2b1/Trps1/Il1rap/Inf2/Neurod1/Arhgap32/Hapln1/Ank/Nfib/Fat3/Grid2/Chn1/Tanc2/Wdr77/Rasgrp1/Nedd4l/Fam171a1/Mrtfb/Per2/Fmnl1/Sash1/Cobl/Shank3/Clstn2/Ntn4/Camk1d/Maf/Brpf3/Mafb/Zfp365/Six3/Lingo2/Robo2/Unc5c/Elavl4/Map3k5/Hopx/Notch2/Zfp536/Dlc1/Kcnk2/Rims1/Dusp6/Col4a2/Cpne6/Flrt2/Nfatc3/Zbtb7c/Akap5/Neurl1a/Kitl/Lmo3/Ntng1/Cd46/Npnt/Ephb1/Crim1/Tead1/S1pr3/Sox5/Sfrp2/Mgll/Prkca/Nfatc2/Adrb1/Bcl6/Itgav/Dgkg/Kat14/Nlgn1/Sema3a/Prickle1/Shroom3/Cdh4/Bcl2l11/Vwc2l/Rreb1/Zfp608/Amigo2/Alk/Prag1/Sema6a/Epha7/Sdk1/Sema5a/Foxo1/Plcb1/Napepld/Cntn4/Myo5b/Frzb/Klf5/Lrrtm4/Cit/Pde3a/Tiam1/Lrrtm3/Tal1/Ust/Bcl2/Stard13/Tgfbr2/Smad3/Man2a1/Cxcl12/Syt2/Kit/Adgrl2/Sox13/Tshz3/Smoc2"
"GO:0098609","cell-cell adhesion",144,-0.342061950713388,-2.37875545887554,1.23461259515715e-06,0.000167762064400766,0.000140585297987245,656,"tags=53%, list=32%, signal=39%","14042/76965/21873/65945/237979/56484/328572/14735/68268/227937/11735/20312/14924/230868/238871/72349/23938/207683/241568/16403/74256/245537/100039795/58235/18763/58998/13837/56468/22417/76884/331461/16180/14107/270120/14804/19419/219257/64085/239096/268902/214058/18526/219228/94212/17311/80883/17221/114249/210801/18750/12053/16410/192167/106042/12561/23964/269023/105827/239857/13841/330222/11658/13176/19091/104099/12564/12043/21813/20315/215654/68810/16590/23965/12628/20668/12563","Ext1/Slitrk1/Tjp2/Clstn1/Sdk2/Foxo3/Ep300/Gpc4/Zdhhc21/Pkp4/Ank3/Cx3cl1/Magi1/Igsf21/Pde4d/Dusp3/Map2k5/Igsf11/Lrrc4c/Itga6/Cyld/Nlgn3/Ildr2/Nectin1/Pkd1/Nectin3/Epha3/Socs5/Wnt4/Cyfip2/Il1rapl1/Il1rap/Fat1/Fat3/Grid2/Rasgrp1/Pcdh20/Clstn2/Cdh24/Robo2/Megf11/Pcdh10/Pcdh17/Pag1/Kitl/Ntng1/Cd46/Npnt/Unc5d/Prkca/Bcl6/Itgav/Nlgn1/Prickle1/Cdh4/Tenm2/Zfp608/Amigo2/Cadm2/Epha7/Sdk1/Alcam/Dcc/Prkg1/Itga9/Cdh8/Bcl2/Tgfbr2/Cxcl12/Cdh12/Nexn/Kit/Tenm3/Cfh/Sox13/Cdh6"
"GO:0048699","generation of neurons",371,-0.245907955633318,-1.99614821596534,1.62766063516628e-06,0.00020888311484634,0.000175044906904725,656,"tags=45%, list=32%, signal=38%","14042/210933/76965/237979/56484/240880/328572/20979/240058/16500/71751/24136/11881/231876/17258/20562/11735/226251/19645/20312/380959/16589/239102/239667/319974/17965/277360/223435/268980/544752/241568/15165/68169/13518/241727/20239/20964/16403/245537/243725/76901/72313/17475/58235/217692/116838/21375/108655/20404/230234/67468/327826/13837/14810/114142/53321/240843/320027/14009/233071/22417/17128/99683/11789/432530/15904/76884/331461/13869/58208/19699/18012/330914/12950/18028/270120/14804/108699/77097/83814/11941/239719/12808/58234/18488/19271/239985/57764/227541/320365/12322/216049/20473/268902/22253/241514/15572/18129/241134/243937/11787/13803/230676/116837/320174/260305/12891/218203/18187/399558/11819/18516/238276/320265/223701/13488/19270/18011/80883/270190/244281/16880/20678/210801/20319/23945/18750/12053/110197/192167/20745/20346/83767/77630/106042/218194/228662/12561/320460/23964/229759/11682/244418/20358/13841/330222/20356/19277/11658/13176/269784/17919/19091/12704/14585/17968/110596/21844/21349/338362/12043/20564/77018/20315/20980/68810/23965/12628","Ext1/Adgrb3/Slitrk1/Sdk2/Foxo3/Scyl3/Ep300/Syt1/Cpne5/Kcnb1/Map3k13/Zeb2/Arsb/Lmtk2/Mef2a/Slit1/Ank3/Ablim1/Rb1/Cx3cl1/Alg10b/Uhmk1/Zfhx2/Dip2b/Auts2/Nbl1/Prex1/Trio/Strn/Tug1/Lrrc4c/Hcn1/Ndnf/Dst/Snph/Atxn2/Syn1/Itga6/Nlgn3/Ppp1r9a/Jade2/Fryl/Mpdz/Nectin1/Sipa1l1/Rims2/Tbr1/Foxp1/Sh3gl2/Abitram/Mmd/Frs2/Epha3/Grin1/Foxp2/Cntnap1/Brinp2/Fstl4/Etv1/Arhgap33/Wnt4/Smad4/Sec24b/Apc/Adcy1/Id4/Cyfip2/Il1rapl1/Erbb4/Bcl11b/Reln/Neurod1/Arhgap32/Hapln1/Nfib/Fat3/Grid2/Chn1/Tanc2/Nedd4l/Atp2b2/Mrtfb/Cobl/Shank3/Cntn3/Ptprj/Arid1b/Ntn4/Camk1d/Fry/Camk2a/Zfp365/Six3/Robo2/Unc5c/Zfp804a/Elavl4/Notch2/Nyap2/Zfp536/Apbb2/Enc1/Szt2/Rims1/A830082K12Rik/Nphp4/Cpne6/Mylip/Nrp2/Flrt2/Nr2f2/Pbx3/Akap5/Tafa1/Mrtfa/Drd1/Ptprg/Neurl1a/Ntng1/Ephb1/Myo16/Lifr/Sox5/Unc5d/Sfrp2/Mgll/Prkca/Bcl6/Dgkg/Nlgn1/Spock1/Sema3a/Wasf1/Prdm8/Prickle1/Phactr1/Btbd3/Cdh4/Vwc2l/Tenm2/Olfm3/Alk/Prag1/Sema6a/Epha7/Sdk1/Sema5a/Ptpro/Alcam/Dcc/Cntn4/Myo5b/Prkg1/Cit/Gfra1/Ncam2/Arhgef28/Tiam1/Tal1/Ust/Bcl2/Slit3/Col25a1/Cxcl12/Syt2/Nexn/Tenm3/Cfh"
"GO:0048729","tissue morphogenesis",95,-0.377405818173104,-2.42823737360107,2.16565408210059e-06,0.000255783137349871,0.000214347318107274,491,"tags=49%, list=24%, signal=39%","20496/230959/18749/18763/277939/108655/327826/22417/17128/99683/15904/13869/23908/12826/14107/94109/12808/58234/57764/20473/268902/20191/18129/50768/18187/18021/223701/77446/114249/21676/20319/16410/20346/106042/14260/27428/68750/13841/20356/20378/21349/12043/243362/21813/17127/20315/231470","Slc12a2/Ajap1/Prkacb/Pkd1/C2cd3/Foxp1/Frs2/Wnt4/Smad4/Sec24b/Id4/Erbb4/Hs2st1/Col4a1/Fat1/Csmd1/Cobl/Shank3/Ntn4/Six3/Robo2/Ryr2/Notch2/Dlc1/Nrp2/Nfatc3/Mrtfa/Heg1/Npnt/Tead1/Sfrp2/Itgav/Sema3a/Prickle1/Fmn1/Shroom3/Rreb1/Epha7/Sema5a/Frzb/Tal1/Bcl2/Stard13/Tgfbr2/Smad3/Cxcl12/Fras1"
"GO:0030182","neuron differentiation",359,-0.244811547593805,-1.98463001179686,2.43602987952258e-06,0.000255783137349871,0.000214347318107274,656,"tags=45%, list=32%, signal=37%","14042/210933/76965/237979/56484/240880/328572/20979/240058/16500/71751/24136/11881/231876/17258/20562/11735/226251/19645/20312/380959/16589/239102/239667/319974/17965/277360/223435/268980/544752/241568/15165/68169/13518/241727/20239/20964/16403/245537/243725/76901/72313/17475/58235/217692/116838/21375/108655/20404/230234/67468/13837/14810/114142/53321/240843/320027/14009/233071/22417/17128/99683/11789/432530/15904/76884/331461/13869/58208/19699/18012/330914/18028/270120/14804/108699/77097/83814/11941/239719/12808/58234/18488/19271/239985/57764/227541/320365/12322/216049/20473/268902/22253/241514/15572/241134/243937/11787/13803/230676/116837/320174/260305/12891/218203/18187/399558/18516/238276/223701/13488/19270/18011/80883/270190/244281/16880/20678/210801/20319/23945/18750/12053/110197/192167/20745/20346/83767/77630/106042/218194/228662/12561/320460/23964/229759/11682/244418/20358/13841/330222/20356/19277/11658/13176/269784/17919/19091/12704/14585/17968/110596/21844/21349/338362/12043/20564/77018/20315/20980/68810/23965/12628","Ext1/Adgrb3/Slitrk1/Sdk2/Foxo3/Scyl3/Ep300/Syt1/Cpne5/Kcnb1/Map3k13/Zeb2/Arsb/Lmtk2/Mef2a/Slit1/Ank3/Ablim1/Rb1/Cx3cl1/Alg10b/Uhmk1/Zfhx2/Dip2b/Auts2/Nbl1/Prex1/Trio/Strn/Tug1/Lrrc4c/Hcn1/Ndnf/Dst/Snph/Atxn2/Syn1/Itga6/Nlgn3/Ppp1r9a/Jade2/Fryl/Mpdz/Nectin1/Sipa1l1/Rims2/Tbr1/Foxp1/Sh3gl2/Abitram/Mmd/Epha3/Grin1/Foxp2/Cntnap1/Brinp2/Fstl4/Etv1/Arhgap33/Wnt4/Smad4/Sec24b/Apc/Adcy1/Id4/Cyfip2/Il1rapl1/Erbb4/Bcl11b/Reln/Neurod1/Arhgap32/Nfib/Fat3/Grid2/Chn1/Tanc2/Nedd4l/Atp2b2/Mrtfb/Cobl/Shank3/Cntn3/Ptprj/Arid1b/Ntn4/Camk1d/Fry/Camk2a/Zfp365/Six3/Robo2/Unc5c/Zfp804a/Elavl4/Nyap2/Zfp536/Apbb2/Enc1/Szt2/Rims1/A830082K12Rik/Nphp4/Cpne6/Mylip/Nrp2/Flrt2/Pbx3/Akap5/Mrtfa/Drd1/Ptprg/Neurl1a/Ntng1/Ephb1/Myo16/Lifr/Sox5/Unc5d/Sfrp2/Mgll/Prkca/Bcl6/Dgkg/Nlgn1/Spock1/Sema3a/Wasf1/Prdm8/Prickle1/Phactr1/Btbd3/Cdh4/Vwc2l/Tenm2/Olfm3/Alk/Prag1/Sema6a/Epha7/Sdk1/Sema5a/Ptpro/Alcam/Dcc/Cntn4/Myo5b/Prkg1/Cit/Gfra1/Ncam2/Arhgef28/Tiam1/Tal1/Ust/Bcl2/Slit3/Col25a1/Cxcl12/Syt2/Nexn/Tenm3/Cfh"
"GO:0022008","neurogenesis",407,-0.235038396883211,-1.91882163918649,2.32724721337865e-06,0.000255783137349871,0.000214347318107274,538,"tags=37%, list=26%, signal=34%","17965/277360/223435/268980/544752/241568/15165/68169/13518/241727/18991/20239/20964/16403/245537/243725/76901/72313/17475/58235/217692/116838/21375/108655/20404/230234/67468/327826/13837/14810/114142/53321/240843/320027/14009/233071/22417/17128/99683/11789/104015/432530/15904/76884/331461/13869/58208/19699/18012/330914/12950/18028/270120/14804/108699/77097/83814/11941/239719/399566/18627/12808/58234/18488/19271/14011/239985/57764/227541/320365/12322/216049/20473/268902/22253/241514/15572/18129/241134/243937/11787/13803/230676/116837/320174/260305/12891/218203/18187/399558/11819/18516/238276/320265/223701/13488/19270/18011/80883/270190/244281/16880/20678/210801/20319/23945/18750/12053/110197/192167/20745/20346/83767/77630/106042/260315/218194/228662/12561/320460/23964/229759/11682/244418/20358/13841/330222/20356/19277/11658/13176/269784/17919/19091/12704/14585/17968/110596/21844/21349/338362/12043/17158/20564/77018/20315/20980/68810/16590/23965/12628/20668","Nbl1/Prex1/Trio/Strn/Tug1/Lrrc4c/Hcn1/Ndnf/Dst/Snph/Pou3f1/Atxn2/Syn1/Itga6/Nlgn3/Ppp1r9a/Jade2/Fryl/Mpdz/Nectin1/Sipa1l1/Rims2/Tbr1/Foxp1/Sh3gl2/Abitram/Mmd/Frs2/Epha3/Grin1/Foxp2/Cntnap1/Brinp2/Fstl4/Etv1/Arhgap33/Wnt4/Smad4/Sec24b/Apc/Synj1/Adcy1/Id4/Cyfip2/Il1rapl1/Erbb4/Bcl11b/Reln/Neurod1/Arhgap32/Hapln1/Nfib/Fat3/Grid2/Chn1/Tanc2/Nedd4l/Atp2b2/Mrtfb/Btbd6/Per2/Cobl/Shank3/Cntn3/Ptprj/Etv6/Arid1b/Ntn4/Camk1d/Fry/Camk2a/Zfp365/Six3/Robo2/Unc5c/Zfp804a/Elavl4/Notch2/Nyap2/Zfp536/Apbb2/Enc1/Szt2/Rims1/A830082K12Rik/Nphp4/Cpne6/Mylip/Nrp2/Flrt2/Nr2f2/Pbx3/Akap5/Tafa1/Mrtfa/Drd1/Ptprg/Neurl1a/Ntng1/Ephb1/Myo16/Lifr/Sox5/Unc5d/Sfrp2/Mgll/Prkca/Bcl6/Dgkg/Nlgn1/Spock1/Sema3a/Wasf1/Prdm8/Prickle1/Nav3/Phactr1/Btbd3/Cdh4/Vwc2l/Tenm2/Olfm3/Alk/Prag1/Sema6a/Epha7/Sdk1/Sema5a/Ptpro/Alcam/Dcc/Cntn4/Myo5b/Prkg1/Cit/Gfra1/Ncam2/Arhgef28/Tiam1/Tal1/Ust/Bcl2/Man2a1/Slit3/Col25a1/Cxcl12/Syt2/Nexn/Kit/Tenm3/Cfh/Sox13"
"GO:0048513","animal organ development",429,-0.231826227851894,-1.91166294127566,2.40005381570029e-06,0.000255783137349871,0.000214347318107274,531,"tags=37%, list=26%, signal=35%","19726/238161/17978/15165/68169/18991/20239/16403/14812/100039795/20496/58235/230959/18763/277939/58250/21375/108655/58998/327826/13837/72007/14810/114142/53321/16004/105722/14009/78908/666794/22417/17128/99683/11789/15904/13869/58208/23908/19699/12826/67972/83925/14107/67760/18012/330914/20273/11732/18028/18033/270120/14804/70465/12402/94109/11941/225115/14571/239719/56747/12808/58234/19271/110796/57764/17132/329003/16658/216049/20473/268902/20191/22253/15572/74318/18129/50768/214058/16526/230676/14775/67603/260305/20112/20249/18187/399558/11819/71529/18021/18516/223701/13488/18011/17311/77446/80883/114249/270190/244281/234214/21676/16880/20678/20319/18750/18019/11554/16410/14200/75547/20346/77630/106042/14260/218194/228662/11472/12125/68750/229759/105827/11682/20358/13841/330222/20356/56458/19277/18795/269784/19091/20378/12224/14585/21844/110082/21349/20271/224273/12043/268903/12921/217082/21813/17127/17158/20564/13819/20315/16590/23965/22634/12628/231470/243931/110075/170676","Rfx3/Akap6/Ncoa2/Hcn1/Ndnf/Pou3f1/Atxn2/Itga6/Grin2b/Ildr2/Slc12a2/Nectin1/Ajap1/Pkd1/C2cd3/Chst11/Tbr1/Foxp1/Nectin3/Frs2/Epha3/Fndc3b/Grin1/Foxp2/Cntnap1/Igf2r/Ano6/Etv1/Igsf3/Rbm24/Wnt4/Smad4/Sec24b/Apc/Id4/Erbb4/Bcl11b/Hs2st1/Reln/Col4a1/Atp2b1/Trps1/Fat1/Slc38a2/Neurod1/Arhgap32/Scn8a/Ank/Nfib/Nfkb1/Fat3/Grid2/Wdr77/Cbl/Csmd1/Atp2b2/Svil/Gpd2/Mrtfb/Sez6l/Cobl/Shank3/Ptprj/Tshz1/Ntn4/Maf/Zfp516/Mafb/Zfp365/Six3/Robo2/Ryr2/Unc5c/Elavl4/Hopx/Notch2/Dlc1/Megf11/Kcnk2/Szt2/Gpx1/Dusp6/Nphp4/Rps6ka2/Scd1/Nrp2/Flrt2/Nr2f2/Kazn/Nfatc3/Pbx3/Mrtfa/Drd1/Neurl1a/Kitl/Heg1/Ntng1/Npnt/Ephb1/Myo16/Sorbs2/Tead1/Lifr/Sox5/Sfrp2/Prkca/Nfatc2/Adrb1/Itgav/Fhl2/Akap13/Sema3a/Prdm8/Prickle1/Fmn1/Phactr1/Btbd3/Actn2/Bcl2l11/Rreb1/Olfm3/Amigo2/Alk/Sema6a/Epha7/Sdk1/Sema5a/Foxo1/Ptpro/Plcb1/Cntn4/Prkg1/Frzb/Klf5/Gfra1/Tiam1/Dnah5/Tal1/Scn5a/Crybg3/Bcl2/Nrip1/Crhr1/Hlf/Tgfbr2/Smad3/Man2a1/Slit3/Epas1/Cxcl12/Kit/Tenm3/Plagl1/Cfh/Fras1/Tshz3/Bmp3/Peg10"
"GO:0002009","morphogenesis of an epithelium",87,-0.383787414905424,-2.40269406467762,3.14861129131358e-06,0.000298422867402546,0.000250079586763856,491,"tags=48%, list=24%, signal=38%","20496/230959/18749/18763/277939/108655/327826/22417/17128/99683/15904/13869/23908/12826/14107/94109/12808/58234/57764/20191/18129/50768/18021/223701/114249/21676/20319/16410/20346/106042/14260/27428/68750/13841/20356/20378/12043/243362/21813/17127/20315/231470","Slc12a2/Ajap1/Prkacb/Pkd1/C2cd3/Foxp1/Frs2/Wnt4/Smad4/Sec24b/Id4/Erbb4/Hs2st1/Col4a1/Fat1/Csmd1/Cobl/Shank3/Ntn4/Ryr2/Notch2/Dlc1/Nfatc3/Mrtfa/Npnt/Tead1/Sfrp2/Itgav/Sema3a/Prickle1/Fmn1/Shroom3/Rreb1/Epha7/Sema5a/Frzb/Bcl2/Stard13/Tgfbr2/Smad3/Cxcl12/Fras1"
"GO:0006396","RNA processing",100,0.372584252264257,2.39797119854602,3.14519544657577e-06,0.000298422867402546,0.000250079586763856,834,"tags=71%, list=41%, signal=44%","17257/66094/78372/57808/19942/52530/107686/20044/15108/67332/66489/66177/20088/66101/20054/69713/67025/67676/20115/67205/20630/68077/59050/66161/20104/67148/73736/20085/66078/14266/100503670/56031/68988/30946/50783/54364/19652/107817/67115/68966/14911/27370/68011/15469/66181/68205/17149/68991/20055/66125/231889/66801/72634/20638/76183/19656/54127/54351/16418/20639/108121/60365/20068/66618/227707/20116/20220/229709/22608/19989/15381","Mecp2/Lsm7/Snrnp25/Rpl35a/Rpl27/Nhp2/Snrpd2/Rps14/Hsd17b10/Snrpd3/Rpl35/Ubl5/Rps24/Ppih/Rps15/Pin4/Rpl11/Rpp21/Rps7/Utp11/Snrpc/Nop53/Nsa2/Pop4/Rps6/Ramac/Fcf1/Rps19/Tsen34/Aff2/Rpl5/Ppie/Prpf31/Abt1/Lsm4/Rpp30/Rbm3/Jmjd6/Rpl14/Ngdn/Thumpd3/Rps26/Snrpg/Prmt1/Nop10/Urm1/Magoh/Ssu72/Rps16/Sf3b5/Bud31/Prkrip1/Tdrkh/Snrpb/Celf6/Rbmxl1/Rps28/Elp5/Eif6/Snrpb2/U2af1/Rbm8a/Rps17/Snrnp27/BC005624/Rps8/Sap18/Ahcyl1/Ybx1/Rpl7/Hnrnpc"
"GO:0034330","cell junction organization",234,-0.269954668263304,-2.0412045169225,3.22968471214876e-06,0.000298422867402546,0.000250079586763856,988,"tags=70%, list=48%, signal=41%","22084/70549/12294/13175/21872/21960/16443/19211/16798/260297/18571/319504/386750/50791/223254/13839/17118/26556/13017/245880/56508/57138/320873/11352/18212/73178/14394/105352/67703/14406/103967/329165/18163/18810/104010/17918/76108/20743/13838/54126/20563/16971/17755/67299/73340/70546/18189/229791/16423/26875/170571/319387/13823/12298/13196/14811/117146/70729/14042/210933/76965/21873/65945/237979/14735/14397/15569/227937/27494/13497/20562/11735/16981/230868/72349/232333/207683/241568/13518/20964/245537/14812/27801/243725/18191/17475/58235/217692/116838/20404/58998/13837/14810/53321/233071/22417/104418/76884/331461/13869/109711/19699/12826/16180/14804/77097/20741/83814/11941/56747/58234/19271/64085/238130/239096/216049/242384/268902/241514/74318/50768/116837/260305/219228/12891/18187/399558/238276/13488/18011/77446/80883/12217/270190/234214/18750/16410/192167/20346/83767/104027/106042/14260/67252/12561/11472/105827/13841/330222/19277/17919/243499/12704/21844/12564/216028/55983/12043/17127/215654/99633/66860/23965/12563","Tsc2/Tln2/Cacna2d3/Dclk1/Tjp1/Tnr/Itsn1/Pten/Lats1/Prrt1/Pdcd6ip/Nrcam/Slitrk3/Magi2/Farp1/Epha5/Marcks/Homer1/Ctbp2/Wasf3/Rapgef4/Slc12a5/Cdh10/Abl2/Ntrk2/Wasl/Gabra1/Dusp22/Kirrel3/Gabrg2/Dnm3/Abi2/Ctnnd2/Plec/Cdh22/Myo5a/Rap2a/Sptbn2/Epha4/Arhgef7/Slit2/Lrp1/Map1b/Dock7/Nptxr/Zdhhc2/Nrxn1/Plppr4/Cd47/Pclo/Cntnap4/Adgrl3/Epb41l3/Cacnb4/Asap1/Grin2a/Ube3b/Nos1ap/Ext1/Adgrb3/Slitrk1/Tjp2/Clstn1/Sdk2/Gpc4/Gabra4/Elavl2/Pkp4/Amot/Drp2/Slit1/Ank3/Lrrn3/Igsf21/Dusp3/Slc6a1/Igsf11/Lrrc4c/Dst/Syn1/Nlgn3/Grin2b/Zdhhc8/Ppp1r9a/Nrxn3/Mpdz/Nectin1/Sipa1l1/Rims2/Sh3gl2/Nectin3/Epha3/Grin1/Cntnap1/Arhgap33/Wnt4/Dgkz/Cyfip2/Il1rapl1/Erbb4/Actn1/Reln/Col4a1/Il1rap/Grid2/Tanc2/Sptb/Nedd4l/Atp2b2/Sez6l/Shank3/Ptprj/Clstn2/Dock4/Cdh24/Zfp365/Lingo2/Robo2/Zfp804a/Hopx/Dlc1/Rims1/Nphp4/Pcdh17/Cpne6/Nrp2/Flrt2/Akap5/Drd1/Neurl1a/Heg1/Ntng1/Bsn/Ephb1/Sorbs2/Prkca/Itgav/Nlgn1/Sema3a/Wasf1/Synpo/Prickle1/Fmn1/Cap2/Cdh4/Actn2/Amigo2/Epha7/Sdk1/Ptpro/Myo5b/Lrrtm4/Cit/Tiam1/Cdh8/Lrrtm3/Pdzrn3/Bcl2/Smad3/Cdh12/Adgrl2/Tanc1/Tenm3/Cdh6"
"GO:0000902","cell morphogenesis",258,-0.267316390516197,-2.04684707335434,3.54970268050813e-06,0.00031537743046053,0.000264287580139856,601,"tags=45%, list=29%, signal=36%","231876/17258/20562/11735/226251/19645/14924/75695/239667/319974/17965/223435/241568/13518/20239/245537/243725/76901/72313/58235/217692/116838/21375/108655/20404/230234/13837/14810/53321/320027/14009/233071/17128/99683/11789/432530/76884/331461/58208/109711/19699/14107/330914/18028/270120/108699/77097/83814/11941/269233/57778/12808/58234/19271/57764/320365/12322/239096/216049/268902/22253/15572/241134/50768/11787/230676/116837/12891/18187/399558/238276/77446/80883/270190/244281/16880/210801/23945/18750/12053/192167/20346/83767/77630/106042/27428/218194/228662/67252/12561/68750/244418/20358/13841/20356/19277/11658/13176/17919/19091/12704/110596/21844/12564/21349/338362/12043/20564/77018/20315/20980/215654/68810/16590/12563","Lmtk2/Mef2a/Slit1/Ank3/Ablim1/Rb1/Magi1/Rilpl1/Dip2b/Auts2/Nbl1/Trio/Lrrc4c/Dst/Atxn2/Nlgn3/Ppp1r9a/Jade2/Fryl/Nectin1/Sipa1l1/Rims2/Tbr1/Foxp1/Sh3gl2/Abitram/Epha3/Grin1/Cntnap1/Fstl4/Etv1/Arhgap33/Smad4/Sec24b/Apc/Adcy1/Cyfip2/Il1rapl1/Bcl11b/Actn1/Reln/Fat1/Arhgap32/Nfib/Fat3/Chn1/Tanc2/Nedd4l/Atp2b2/Fam171a1/Fmnl1/Cobl/Shank3/Ptprj/Ntn4/Fry/Camk2a/Cdh24/Zfp365/Robo2/Unc5c/Elavl4/Nyap2/Dlc1/Apbb2/Szt2/Rims1/Cpne6/Nrp2/Flrt2/Akap5/Heg1/Ntng1/Ephb1/Myo16/Lifr/Unc5d/Mgll/Prkca/Bcl6/Nlgn1/Sema3a/Wasf1/Prdm8/Prickle1/Shroom3/Phactr1/Btbd3/Cap2/Cdh4/Rreb1/Prag1/Sema6a/Epha7/Sema5a/Ptpro/Alcam/Dcc/Myo5b/Prkg1/Cit/Arhgef28/Tiam1/Cdh8/Tal1/Ust/Bcl2/Slit3/Col25a1/Cxcl12/Syt2/Cdh12/Nexn/Kit/Cdh6"
"GO:0048666","neuron development",324,-0.245985411611757,-1.96400049620087,3.82198128441699e-06,0.000326991732111232,0.000274020412555277,602,"tags=42%, list=29%, signal=35%","11881/231876/17258/20562/11735/226251/19645/20312/380959/16589/239667/319974/17965/277360/223435/268980/544752/241568/15165/68169/13518/20239/20964/16403/245537/243725/76901/72313/17475/58235/217692/116838/21375/108655/20404/230234/13837/14810/53321/320027/14009/233071/17128/99683/11789/432530/76884/331461/58208/19699/18012/330914/18028/270120/14804/108699/77097/83814/11941/239719/12808/58234/18488/19271/239985/57764/227541/320365/12322/216049/268902/22253/241514/15572/241134/11787/13803/230676/116837/260305/12891/218203/18187/399558/18516/238276/223701/13488/19270/18011/80883/270190/244281/16880/210801/20319/23945/18750/110197/192167/20745/20346/83767/77630/106042/218194/228662/12561/23964/229759/11682/244418/20358/13841/330222/20356/19277/11658/13176/269784/17919/19091/12704/14585/17968/110596/21844/338362/12043/20564/77018/20315/20980/68810/23965/12628","Arsb/Lmtk2/Mef2a/Slit1/Ank3/Ablim1/Rb1/Cx3cl1/Alg10b/Uhmk1/Dip2b/Auts2/Nbl1/Prex1/Trio/Strn/Tug1/Lrrc4c/Hcn1/Ndnf/Dst/Atxn2/Syn1/Itga6/Nlgn3/Ppp1r9a/Jade2/Fryl/Mpdz/Nectin1/Sipa1l1/Rims2/Tbr1/Foxp1/Sh3gl2/Abitram/Epha3/Grin1/Cntnap1/Fstl4/Etv1/Arhgap33/Smad4/Sec24b/Apc/Adcy1/Cyfip2/Il1rapl1/Bcl11b/Reln/Neurod1/Arhgap32/Nfib/Fat3/Grid2/Chn1/Tanc2/Nedd4l/Atp2b2/Mrtfb/Cobl/Shank3/Cntn3/Ptprj/Arid1b/Ntn4/Camk1d/Fry/Camk2a/Zfp365/Robo2/Unc5c/Zfp804a/Elavl4/Nyap2/Apbb2/Enc1/Szt2/Rims1/Nphp4/Cpne6/Mylip/Nrp2/Flrt2/Pbx3/Akap5/Mrtfa/Drd1/Ptprg/Neurl1a/Ntng1/Ephb1/Myo16/Lifr/Unc5d/Sfrp2/Mgll/Prkca/Dgkg/Nlgn1/Spock1/Sema3a/Wasf1/Prdm8/Prickle1/Phactr1/Btbd3/Cdh4/Tenm2/Olfm3/Alk/Prag1/Sema6a/Epha7/Sdk1/Sema5a/Ptpro/Alcam/Dcc/Cntn4/Myo5b/Prkg1/Cit/Gfra1/Ncam2/Arhgef28/Tiam1/Ust/Bcl2/Slit3/Col25a1/Cxcl12/Syt2/Nexn/Tenm3/Cfh"
"GO:0097250","mitochondrial respirasome assembly",24,0.621781365969535,2.65697847383578,4.64752869053858e-06,0.000340348295084482,0.000285213267104289,736,"tags=96%, list=36%, signal=62%","68185/66379/407785/66091/100503890/66414/75406/66117/66916/230075/67184/56295/68202/68342/104130/595136/68197/66495/70544/67388/67267/66928/66108","Coa4/Cox14/Ndufs6/Ndufa3/Pet100/Ndufa12/Ndufs7/Fmc1/Ndufb7/Ndufb6/Ndufa13/Higd1a/Ndufa5/Ndufb10/Ndufb11/Ndufs5/Ndufc2/Ndufb3/Tmem242/Rab5if/Uqcc2/Dmac1/Ndufa9"
"GO:0032543","mitochondrial translation",23,0.617711705649684,2.61250437557059,4.71478157692789e-06,0.000340348295084482,0.000285213267104289,721,"tags=96%, list=35%, signal=63%","66047/68463/79044/19935/66230/66242/67994/107733/67270/67707/67308/68537/66419/78523/56282/94064/64656/66448/67267/66407/14548/27393","Mrpl54/Mrpl14/Mrps34/Mrpl23/Mrps28/Mrps16/Mrps11/Mrpl41/Mrpl42/Mrpl24/Mrpl46/Mrpl13/Mrpl11/Mrpl9/Mrpl12/Mrpl27/Mrps23/Mrpl20/Uqcc2/Mrps15/Mrps33/Mrpl39"
"GO:0006091","generation of precursor metabolites and energy",89,0.377415869335525,2.37818147110224,4.70791296145032e-06,0.000340348295084482,0.000285213267104289,831,"tags=73%, list=41%, signal=45%","103988/15483/15277/244958/14635/58200/74747/12862/20617/74246/18655/407785/66091/67530/66414/16828/66594/68077/22272/18641/433182/170768/75406/21991/12861/15929/66916/74178/230075/57320/12859/12850/269951/67184/68202/18648/68342/104130/595136/78330/68197/14433/66495/15289/66142/13063/67267/12028/110842/110446/16418/66108/66152/66494/68263/12868/66592/66383/11674/56421/69875/72900/67680/12857/19045","Gck/Hsd11b1/Hk2/Mrap2/Galk1/Ppp1r1a/Ddit4/Cox6a2/Snca/Gale/Pgk1/Ndufs6/Ndufa3/Uqcrb/Ndufa12/Ldha/Uqcr11/Nop53/Uqcrq/Pfkl/Eno1b/Pfkfb3/Ndufs7/Tpi1/Cox6a1/Idh3g/Ndufb7/Stk40/Ndufb6/Park7/Cox5b/Coq7/Idh2/Ndufa13/Ndufa5/Pgam1/Ndufb10/Ndufb11/Ndufs5/Ndufv3/Ndufc2/Gapdh/Ndufb3/Hmgb1/Cox7b/Cycs/Uqcc2/Bax/Etfa/Acat1/Eif6/Ndufa9/Uqcr10/Prelid1/Pdhb/Cox8a/Stoml2/Iscu/Aldoa/Pfkp/Ndufa11/Ndufv2/Sdhb/Cox4i1/Ppp1ca"
"GO:0120036","plasma membrane bounded cell projection organization",352,-0.243750018026523,-1.9650374971211,4.49207960357788e-06,0.000340348295084482,0.000285213267104289,543,"tags=38%, list=27%, signal=34%","319974/17965/277360/223435/268980/19726/234776/241568/68169/13518/20239/16403/74256/245537/14812/243725/76901/72313/26874/17475/58235/226970/217692/116838/277939/21375/108655/20404/230234/13837/14810/53321/320027/105722/14009/233071/17128/99683/11789/432530/76884/331461/58208/19699/18012/330914/18028/270120/14804/108699/77097/83814/11941/239719/64009/12808/58234/18488/19271/239985/57764/227541/320365/12322/216049/268902/22253/241514/15572/241134/11787/13803/230676/116837/12891/218203/18187/399558/238276/223701/19270/18011/80883/270190/244281/16880/210801/239273/20319/23945/18750/74354/110197/192167/20745/20346/83767/77630/106042/218194/228662/12561/11472/68750/23964/11682/244418/20358/13841/330222/20356/19277/11658/13176/269784/17919/19091/12224/12704/14585/17968/110596/21844/110082/338362/12043/219140/20564/77018/20315/20980/68810/16590/66860/23965","Auts2/Nbl1/Prex1/Trio/Strn/Rfx3/Atmin/Lrrc4c/Ndnf/Dst/Atxn2/Itga6/Cyld/Nlgn3/Grin2b/Ppp1r9a/Jade2/Fryl/Abcd2/Mpdz/Nectin1/Arhgef4/Sipa1l1/Rims2/C2cd3/Tbr1/Foxp1/Sh3gl2/Abitram/Epha3/Grin1/Cntnap1/Fstl4/Ano6/Etv1/Arhgap33/Smad4/Sec24b/Apc/Adcy1/Cyfip2/Il1rapl1/Bcl11b/Reln/Neurod1/Arhgap32/Nfib/Fat3/Grid2/Chn1/Tanc2/Nedd4l/Atp2b2/Mrtfb/Syne1/Cobl/Shank3/Cntn3/Ptprj/Arid1b/Ntn4/Camk1d/Fry/Camk2a/Zfp365/Robo2/Unc5c/Zfp804a/Elavl4/Nyap2/Apbb2/Enc1/Szt2/Rims1/Cpne6/Mylip/Nrp2/Flrt2/Akap5/Mrtfa/Ptprg/Neurl1a/Ntng1/Ephb1/Myo16/Lifr/Unc5d/Abcc4/Sfrp2/Mgll/Prkca/Lrguk/Dgkg/Nlgn1/Spock1/Sema3a/Wasf1/Prdm8/Prickle1/Phactr1/Btbd3/Cdh4/Actn2/Rreb1/Tenm2/Alk/Prag1/Sema6a/Epha7/Sdk1/Sema5a/Ptpro/Alcam/Dcc/Cntn4/Myo5b/Prkg1/Klf5/Cit/Gfra1/Ncam2/Arhgef28/Tiam1/Dnah5/Ust/Bcl2/Spata13/Slit3/Col25a1/Cxcl12/Syt2/Nexn/Kit/Tanc1/Tenm3"
"GO:0030030","cell projection organization",353,-0.242477449200121,-1.95443787784759,4.57997774562822e-06,0.000340348295084482,0.000285213267104289,543,"tags=38%, list=27%, signal=34%","319974/17965/277360/223435/268980/19726/234776/241568/68169/13518/20239/16403/74256/245537/14812/243725/76901/72313/26874/17475/58235/226970/217692/116838/277939/21375/108655/20404/230234/13837/14810/53321/320027/105722/14009/233071/17128/99683/11789/432530/76884/331461/58208/19699/18012/330914/18028/270120/14804/108699/77097/83814/11941/239719/64009/12808/58234/18488/19271/239985/57764/227541/320365/12322/216049/268902/22253/241514/15572/241134/11787/13803/230676/116837/12891/218203/18187/399558/238276/223701/19270/18011/80883/270190/244281/16880/210801/239273/20319/23945/18750/74354/110197/192167/20745/20346/83767/77630/106042/218194/228662/12561/11472/68750/23964/11682/244418/20358/13841/330222/20356/19277/11658/13176/269784/17919/19091/12224/12704/14585/17968/110596/21844/110082/338362/12043/219140/20564/77018/20315/20980/68810/16590/66860/23965","Auts2/Nbl1/Prex1/Trio/Strn/Rfx3/Atmin/Lrrc4c/Ndnf/Dst/Atxn2/Itga6/Cyld/Nlgn3/Grin2b/Ppp1r9a/Jade2/Fryl/Abcd2/Mpdz/Nectin1/Arhgef4/Sipa1l1/Rims2/C2cd3/Tbr1/Foxp1/Sh3gl2/Abitram/Epha3/Grin1/Cntnap1/Fstl4/Ano6/Etv1/Arhgap33/Smad4/Sec24b/Apc/Adcy1/Cyfip2/Il1rapl1/Bcl11b/Reln/Neurod1/Arhgap32/Nfib/Fat3/Grid2/Chn1/Tanc2/Nedd4l/Atp2b2/Mrtfb/Syne1/Cobl/Shank3/Cntn3/Ptprj/Arid1b/Ntn4/Camk1d/Fry/Camk2a/Zfp365/Robo2/Unc5c/Zfp804a/Elavl4/Nyap2/Apbb2/Enc1/Szt2/Rims1/Cpne6/Mylip/Nrp2/Flrt2/Akap5/Mrtfa/Ptprg/Neurl1a/Ntng1/Ephb1/Myo16/Lifr/Unc5d/Abcc4/Sfrp2/Mgll/Prkca/Lrguk/Dgkg/Nlgn1/Spock1/Sema3a/Wasf1/Prdm8/Prickle1/Phactr1/Btbd3/Cdh4/Actn2/Rreb1/Tenm2/Alk/Prag1/Sema6a/Epha7/Sdk1/Sema5a/Ptpro/Alcam/Dcc/Cntn4/Myo5b/Prkg1/Klf5/Cit/Gfra1/Ncam2/Arhgef28/Tiam1/Dnah5/Ust/Bcl2/Spata13/Slit3/Col25a1/Cxcl12/Syt2/Nexn/Kit/Tanc1/Tenm3"
"GO:0042274","ribosomal small subunit biogenesis",23,0.614274834638136,2.59796872653914,5.66503019427946e-06,0.000396552113599562,0.000332312297520891,751,"tags=96%, list=37%, signal=61%","20044/27207/20088/20054/20115/67205/14109/20104/73736/20091/20085/30946/68966/20103/66475/267019/76846/66538/20055/20102/54127/20068","Rps14/Rps11/Rps24/Rps15/Rps7/Utp11/Fau/Rps6/Fcf1/Rps3a1/Rps19/Abt1/Ngdn/Rps5/Rps23/Rps15a/Rps9/Rps19bp1/Rps16/Rps4x/Rps28/Rps17"
"GO:0098742","cell-cell adhesion via plasma-membrane adhesion molecules",56,-0.454949953318612,-2.50991181388356,6.71860401539761e-06,0.000456469861046132,0.000382523615613505,653,"tags=66%, list=32%, signal=46%","76965/65945/237979/14735/20312/230868/23938/207683/241568/58235/58998/13837/331461/16180/270120/14804/219257/64085/239096/268902/18526/219228/80883/210801/192167/12561/23964/105827/239857/330222/11658/12564/21813/215654/68810/23965/12563","Slitrk1/Clstn1/Sdk2/Gpc4/Cx3cl1/Igsf21/Map2k5/Igsf11/Lrrc4c/Nectin1/Nectin3/Epha3/Il1rapl1/Il1rap/Fat3/Grid2/Pcdh20/Clstn2/Cdh24/Robo2/Pcdh10/Pcdh17/Ntng1/Unc5d/Nlgn1/Cdh4/Tenm2/Amigo2/Cadm2/Sdk1/Alcam/Cdh8/Tgfbr2/Cdh12/Nexn/Tenm3/Cdh6"
"GO:0042773","ATP synthesis coupled electron transport",23,0.604639684106614,2.55721853078818,9.18230023403003e-06,0.000589197598350261,0.000493750003812317,824,"tags=100%, list=40%, signal=60%","12862/20617/407785/67530/66414/66594/22272/75406/12861/230075/57320/12859/12850/78330/68197/66142/13063/66152/12868/66383/72900/67680/12857","Cox6a2/Snca/Ndufs6/Uqcrb/Ndufa12/Uqcr11/Uqcrq/Ndufs7/Cox6a1/Ndufb6/Park7/Cox5b/Coq7/Ndufv3/Ndufc2/Cox7b/Cycs/Uqcr10/Cox8a/Iscu/Ndufv2/Sdhb/Cox4i1"
"GO:0042775","mitochondrial ATP synthesis coupled electron transport",23,0.604639684106614,2.55721853078818,9.18230023403003e-06,0.000589197598350261,0.000493750003812317,824,"tags=100%, list=40%, signal=60%","12862/20617/407785/67530/66414/66594/22272/75406/12861/230075/57320/12859/12850/78330/68197/66142/13063/66152/12868/66383/72900/67680/12857","Cox6a2/Snca/Ndufs6/Uqcrb/Ndufa12/Uqcr11/Uqcrq/Ndufs7/Cox6a1/Ndufb6/Park7/Cox5b/Coq7/Ndufv3/Ndufc2/Cox7b/Cycs/Uqcr10/Cox8a/Iscu/Ndufv2/Sdhb/Cox4i1"
"GO:0051094","positive regulation of developmental process",234,-0.259315572138786,-1.9607592658548,1.40599438026807e-05,0.000877796491464663,0.000735597059832998,538,"tags=41%, list=26%, signal=34%","17965/19726/238161/17978/74256/245537/215999/243725/76901/240185/12457/116838/67468/327826/72007/240843/56468/105722/666794/22417/17128/11789/104015/15904/331461/13869/19699/67972/16180/18012/330914/12950/14804/19419/83814/239719/70097/12808/58234/64085/216049/242384/268902/22253/15572/26408/74318/18129/116837/12891/399558/18021/207259/238276/18011/17311/109593/17221/114249/270190/21676/20678/20319/18750/18019/11554/12053/192167/20346/12561/320460/68750/105827/11682/20356/18795/242864/17919/20378/12224/243499/54611/21844/216028/21349/12043/21813/17127/17158/20315/20980/16590/99633/20668/243931/64074","Nbl1/Rfx3/Akap6/Ncoa2/Cyld/Nlgn3/Mcu/Ppp1r9a/Jade2/Jcad/Noct/Rims2/Mmd/Frs2/Fndc3b/Brinp2/Socs5/Ano6/Rbm24/Wnt4/Smad4/Apc/Synj1/Id4/Il1rapl1/Erbb4/Reln/Atp2b1/Il1rap/Neurod1/Arhgap32/Hapln1/Grid2/Rasgrp1/Nedd4l/Mrtfb/Sash1/Cobl/Shank3/Clstn2/Zfp365/Lingo2/Robo2/Unc5c/Elavl4/Map3k5/Hopx/Notch2/Rims1/Cpne6/Flrt2/Nfatc3/Zbtb7c/Akap5/Neurl1a/Kitl/Lmo3/Cd46/Npnt/Ephb1/Tead1/Sox5/Sfrp2/Prkca/Nfatc2/Adrb1/Bcl6/Nlgn1/Sema3a/Cdh4/Vwc2l/Rreb1/Amigo2/Alk/Sema5a/Plcb1/Napepld/Myo5b/Frzb/Klf5/Lrrtm4/Pde3a/Tiam1/Lrrtm3/Tal1/Bcl2/Tgfbr2/Smad3/Man2a1/Cxcl12/Syt2/Kit/Adgrl2/Sox13/Tshz3/Smoc2"
"GO:0060429","epithelium development",166,-0.291734133145015,-2.09117260820013,1.45518238200415e-05,0.000884597711165679,0.000741296509835354,491,"tags=41%, list=24%, signal=34%","20496/230959/18749/18763/277939/108655/327826/72007/114142/22417/17128/99683/11789/15904/13869/58208/23908/12826/83925/14107/18012/18028/70465/94109/11941/12808/58234/57764/17132/16658/20473/268902/20191/19212/18129/50768/14775/11819/71529/18021/223701/77446/114249/21676/13610/20319/16410/20346/106042/14260/27428/68750/13841/20356/19277/18795/20378/12224/12043/243362/12921/21813/17127/13819/20315/12628/231470/243931","Slc12a2/Ajap1/Prkacb/Pkd1/C2cd3/Foxp1/Frs2/Fndc3b/Foxp2/Wnt4/Smad4/Sec24b/Apc/Id4/Erbb4/Bcl11b/Hs2st1/Col4a1/Trps1/Fat1/Neurod1/Nfib/Wdr77/Csmd1/Atp2b2/Cobl/Shank3/Ntn4/Maf/Mafb/Six3/Robo2/Ryr2/Pter/Notch2/Dlc1/Gpx1/Nr2f2/Kazn/Nfatc3/Mrtfa/Heg1/Npnt/Tead1/S1pr3/Sfrp2/Itgav/Sema3a/Prickle1/Fmn1/Shroom3/Rreb1/Epha7/Sema5a/Ptpro/Plcb1/Frzb/Klf5/Bcl2/Stard13/Crhr1/Tgfbr2/Smad3/Epas1/Cxcl12/Cfh/Fras1/Tshz3"
"GO:0009888","tissue development",276,-0.245390626258597,-1.89626043237796,1.83470974015035e-05,0.0010867126922429,0.000910669692884345,491,"tags=38%, list=24%, signal=33%","20496/58235/230959/18749/18763/277939/58250/108655/327826/13837/72007/114142/53321/105722/666794/22417/17128/99683/11789/15904/13869/58208/23908/12826/67972/83925/14107/18012/11732/18028/70465/94109/11941/225115/239719/12808/58234/57764/17132/329003/16658/20473/268902/20191/22253/19212/18129/50768/16526/14775/12827/18187/11819/71529/18021/223701/18011/17311/23872/77446/80883/114249/270190/234214/21676/13610/20678/20319/18750/18019/11554/16410/14200/75547/20346/106042/14260/27428/11472/68750/20358/13841/20356/56458/19277/18795/19091/20378/12224/21844/21349/12043/243362/12921/217082/21813/17127/13819/20315/22634/12628/231470/243931/110075","Slc12a2/Nectin1/Ajap1/Prkacb/Pkd1/C2cd3/Chst11/Foxp1/Frs2/Epha3/Fndc3b/Foxp2/Cntnap1/Ano6/Rbm24/Wnt4/Smad4/Sec24b/Apc/Id4/Erbb4/Bcl11b/Hs2st1/Col4a1/Atp2b1/Trps1/Fat1/Neurod1/Ank/Nfib/Wdr77/Csmd1/Atp2b2/Svil/Mrtfb/Cobl/Shank3/Ntn4/Maf/Zfp516/Mafb/Six3/Robo2/Ryr2/Unc5c/Pter/Notch2/Dlc1/Kcnk2/Gpx1/Col4a2/Nrp2/Nr2f2/Kazn/Nfatc3/Mrtfa/Neurl1a/Kitl/Ets2/Heg1/Ntng1/Npnt/Ephb1/Sorbs2/Tead1/S1pr3/Sox5/Sfrp2/Prkca/Nfatc2/Adrb1/Itgav/Fhl2/Akap13/Sema3a/Prickle1/Fmn1/Shroom3/Actn2/Rreb1/Sema6a/Epha7/Sema5a/Foxo1/Ptpro/Plcb1/Prkg1/Frzb/Klf5/Tiam1/Tal1/Bcl2/Stard13/Crhr1/Hlf/Tgfbr2/Smad3/Epas1/Cxcl12/Plagl1/Cfh/Fras1/Tshz3/Bmp3"
"GO:0045333","cellular respiration",50,0.452476432290332,2.46214720350789,2.43819971810743e-05,0.00140806033720704,0.00117996033726304,824,"tags=84%, list=40%, signal=51%","12862/20617/407785/66091/67530/66414/66594/68077/22272/75406/12861/15929/66916/230075/57320/12859/12850/269951/67184/68202/68342/104130/595136/78330/68197/66495/66142/13063/67267/12028/110842/66108/66152/66494/68263/12868/66592/66383/69875/72900/67680/12857","Cox6a2/Snca/Ndufs6/Ndufa3/Uqcrb/Ndufa12/Uqcr11/Nop53/Uqcrq/Ndufs7/Cox6a1/Idh3g/Ndufb7/Ndufb6/Park7/Cox5b/Coq7/Idh2/Ndufa13/Ndufa5/Ndufb10/Ndufb11/Ndufs5/Ndufv3/Ndufc2/Ndufb3/Cox7b/Cycs/Uqcc2/Bax/Etfa/Ndufa9/Uqcr10/Prelid1/Pdhb/Cox8a/Stoml2/Iscu/Ndufa11/Ndufv2/Sdhb/Cox4i1"
"GO:0033108","mitochondrial respiratory chain complex assembly",20,0.615915998691607,2.52270740606339,2.96130354451177e-05,0.00166844175312737,0.00139816103167064,736,"tags=95%, list=36%, signal=61%","68185/66379/407785/66091/100503890/66414/75406/66916/230075/67184/68202/68342/104130/595136/68197/66495/67267/66928/66108","Coa4/Cox14/Ndufs6/Ndufa3/Pet100/Ndufa12/Ndufs7/Ndufb7/Ndufb6/Ndufa13/Ndufa5/Ndufb10/Ndufb11/Ndufs5/Ndufc2/Ndufb3/Uqcc2/Dmac1/Ndufa9"
"GO:0030029","actin filament-based process",154,-0.294503204134419,-2.08851497951332,3.04618188658604e-05,0.00167540003762232,0.00140399210261447,949,"tags=68%, list=46%, signal=39%","16798/18484/18571/23969/223254/13839/226751/17118/245880/212285/11352/73178/20544/108058/50876/329165/74569/16653/18810/271981/17918/320878/76108/20743/54126/20563/16971/330319/16423/320472/229877/26875/13823/78618/11938/19261/207212/70729/74103/328572/24136/27494/78757/17258/27360/20312/238871/12288/319974/277360/238161/243725/13824/217692/20404/230234/13837/17912/12296/22417/17128/76884/109711/14107/70435/12293/245049/18754/20741/83814/269233/225115/239719/57778/12808/58234/20265/20191/50768/12891/223701/11554/12053/75547/544963/83767/104027/14260/27428/218194/67252/11472/20356/54357/17919/12704/20271/12043/243362/17127/236920/16518/16590/232201","Lats1/Pam/Pdcd6ip/Pacsin1/Farp1/Epha5/Cdc42bpa/Marcks/Wasf3/Arap2/Abl2/Wasl/Slc9a1/Camk2d/Tmod2/Abi2/Ttc17/Kras/Plec/Tbck/Myo5a/Mical2/Rap2a/Sptbn2/Arhgef7/Slit2/Lrp1/Wipf3/Cd47/Ppm1e/Rap1gds1/Pclo/Epb41l3/Acap2/Atp2a2/Sirpa/Arhgef17/Nos1ap/Nebl/Ep300/Zeb2/Amot/Rictor/Mef2a/Add3/Cx3cl1/Pde4d/Cacna1c/Auts2/Prex1/Akap6/Ppp1r9a/Epb41l4a/Sipa1l1/Sh3gl2/Abitram/Epha3/Myo1b/Cacnb2/Wnt4/Smad4/Cyfip2/Actn1/Fat1/Inf2/Cacna2d1/Myrip/Prkce/Sptb/Nedd4l/Fam171a1/Svil/Mrtfb/Fmnl1/Cobl/Shank3/Scn1a/Ryr2/Dlc1/Cpne6/Mrtfa/Adrb1/Bcl6/Akap13/Iqgap2/Wasf1/Synpo/Fmn1/Shroom3/Phactr1/Cap2/Actn2/Sema5a/Epb41l4b/Myo5b/Cit/Scn5a/Bcl2/Stard13/Smad3/Stard8/Kcnj2/Kit/Arhgap25"
"GO:0051239","regulation of multicellular organismal process",433,-0.218008182250081,-1.79792878727757,3.27495489893513e-05,0.00175933623640468,0.00147433098143004,676,"tags=44%, list=33%, signal=38%","19261/14811/246317/70729/24071/224860/20663/210933/56381/76965/21873/65945/56484/74868/328572/11909/114715/71751/15568/53376/68268/24136/27494/11881/17258/20562/27360/16981/19645/20312/16468/74777/239102/53881/238871/72349/12288/26557/239667/23938/19017/207683/19726/238161/17978/13349/20239/74256/245537/14812/664883/76901/240185/100039795/26874/20496/12457/230959/116838/108655/333050/327826/14810/12296/320027/56468/105722/22417/17128/11789/104015/15904/331461/13869/19699/67972/83925/16180/18012/11988/12293/330914/12950/11732/18028/18033/14804/18754/70465/19419/239719/18627/70097/58234/19271/64085/57764/17132/268936/54354/329003/238130/16658/216049/244310/242384/268902/20191/74318/18129/16526/116837/67603/12827/218203/20249/399558/94212/18021/18516/238276/13488/19279/19270/18011/17311/329260/77446/17221/114249/328949/270190/21676/13610/20678/20319/23945/18750/18019/11554/12053/16410/228714/192167/20346/106042/260315/12561/12125/68750/269023/105827/15465/20358/13841/16508/20356/56458/19277/18795/54357/242864/26381/17919/19091/104099/20378/243499/12704/227120/54611/21844/216028/21349/20271/12043/18143/243362/12921/21813/14528/17127/17158/13819/11513/16518/20315/16590/99633/20668/243931/64074","Sirpa/Grin2a/Neto1/Nos1ap/Synj2bp/Plcl2/Sos2/Adgrb3/Spen/Slitrk1/Tjp2/Clstn1/Foxo3/Tmem65/Ep300/Atf2/Spred1/Map3k13/Elavl1/Usp2/Zdhhc21/Zeb2/Amot/Arsb/Mef2a/Slit1/Add3/Lrrn3/Rb1/Cx3cl1/Jarid2/Selenon/Zfhx2/Slc5a3/Pde4d/Dusp3/Cacna1c/Homer2/Dip2b/Map2k5/Ppargc1a/Igsf11/Rfx3/Akap6/Ncoa2/Ackr1/Atxn2/Cyld/Nlgn3/Grin2b/Nova1/Jade2/Jcad/Ildr2/Abcd2/Slc12a2/Noct/Ajap1/Rims2/Foxp1/Ksr2/Frs2/Grin1/Cacnb2/Fstl4/Socs5/Ano6/Wnt4/Smad4/Apc/Synj1/Id4/Il1rapl1/Erbb4/Reln/Atp2b1/Trps1/Il1rap/Neurod1/Slc7a2/Cacna2d1/Arhgap32/Hapln1/Ank/Nfib/Nfkb1/Grid2/Prkce/Wdr77/Rasgrp1/Mrtfb/Per2/Sash1/Shank3/Ptprj/Clstn2/Ntn4/Maf/Brpf3/Rassf5/Zfp516/Dock4/Mafb/Zfp365/Dlgap2/Lingo2/Robo2/Ryr2/Hopx/Notch2/Kcnk2/Rims1/Dusp6/Col4a2/Mylip/Scd1/Flrt2/Pag1/Nfatc3/Pbx3/Akap5/Drd1/Ptprr/Ptprg/Neurl1a/Kitl/Dennd1b/Heg1/Cd46/Npnt/Mcc/Ephb1/Tead1/S1pr3/Sox5/Sfrp2/Mgll/Prkca/Nfatc2/Adrb1/Bcl6/Itgav/Kat14/Nlgn1/Sema3a/Prickle1/Nav3/Cdh4/Bcl2l11/Rreb1/Zfp608/Amigo2/Hrh1/Sema6a/Epha7/Kcnd2/Sema5a/Foxo1/Ptpro/Plcb1/Epb41l4b/Napepld/Esrrg/Myo5b/Prkg1/Itga9/Frzb/Lrrtm4/Cit/Plcl1/Pde3a/Tiam1/Lrrtm3/Tal1/Scn5a/Bcl2/Npas2/Stard13/Crhr1/Tgfbr2/Gch1/Smad3/Man2a1/Epas1/Adcy7/Kcnj2/Cxcl12/Kit/Adgrl2/Sox13/Tshz3/Smoc2"
"GO:0015980","energy derivation by oxidation of organic compounds",63,0.395971745629029,2.30302838028347,3.75961136398163e-05,0.00197379596609036,0.00165404911444072,831,"tags=78%, list=41%, signal=48%","103988/244958/58200/12862/20617/407785/66091/67530/66414/16828/66594/68077/22272/75406/12861/15929/66916/74178/230075/57320/12859/12850/269951/67184/68202/68342/104130/595136/78330/68197/66495/15289/66142/13063/67267/12028/110842/66108/66152/66494/68263/12868/66592/66383/69875/72900/67680/12857/19045","Gck/Mrap2/Ppp1r1a/Cox6a2/Snca/Ndufs6/Ndufa3/Uqcrb/Ndufa12/Ldha/Uqcr11/Nop53/Uqcrq/Ndufs7/Cox6a1/Idh3g/Ndufb7/Stk40/Ndufb6/Park7/Cox5b/Coq7/Idh2/Ndufa13/Ndufa5/Ndufb10/Ndufb11/Ndufs5/Ndufv3/Ndufc2/Ndufb3/Hmgb1/Cox7b/Cycs/Uqcc2/Bax/Etfa/Ndufa9/Uqcr10/Prelid1/Pdhb/Cox8a/Stoml2/Iscu/Ndufa11/Ndufv2/Sdhb/Cox4i1/Ppp1ca"
"GO:0031175","neuron projection development",302,-0.23691545583849,-1.86125329614382,3.92368760055596e-05,0.00201415963495206,0.00168787403448477,602,"tags=42%, list=29%, signal=35%","11881/231876/17258/20562/11735/226251/19645/20312/16589/239667/319974/17965/277360/223435/268980/241568/68169/13518/20239/16403/245537/243725/76901/72313/17475/58235/217692/116838/21375/108655/20404/230234/13837/14810/53321/320027/14009/233071/17128/99683/11789/432530/76884/331461/58208/19699/18012/330914/18028/270120/14804/108699/77097/83814/11941/239719/12808/58234/18488/19271/239985/57764/227541/320365/12322/216049/268902/22253/241514/15572/241134/11787/13803/230676/116837/12891/218203/18187/399558/238276/223701/19270/18011/80883/270190/244281/16880/210801/20319/23945/18750/110197/192167/20745/20346/83767/77630/106042/218194/228662/12561/11682/244418/20358/13841/330222/20356/19277/11658/13176/269784/17919/19091/12704/14585/17968/110596/21844/338362/12043/20564/77018/20315/20980/68810/23965","Arsb/Lmtk2/Mef2a/Slit1/Ank3/Ablim1/Rb1/Cx3cl1/Uhmk1/Dip2b/Auts2/Nbl1/Prex1/Trio/Strn/Lrrc4c/Ndnf/Dst/Atxn2/Itga6/Nlgn3/Ppp1r9a/Jade2/Fryl/Mpdz/Nectin1/Sipa1l1/Rims2/Tbr1/Foxp1/Sh3gl2/Abitram/Epha3/Grin1/Cntnap1/Fstl4/Etv1/Arhgap33/Smad4/Sec24b/Apc/Adcy1/Cyfip2/Il1rapl1/Bcl11b/Reln/Neurod1/Arhgap32/Nfib/Fat3/Grid2/Chn1/Tanc2/Nedd4l/Atp2b2/Mrtfb/Cobl/Shank3/Cntn3/Ptprj/Arid1b/Ntn4/Camk1d/Fry/Camk2a/Zfp365/Robo2/Unc5c/Zfp804a/Elavl4/Nyap2/Apbb2/Enc1/Szt2/Rims1/Cpne6/Mylip/Nrp2/Flrt2/Akap5/Mrtfa/Ptprg/Neurl1a/Ntng1/Ephb1/Myo16/Lifr/Unc5d/Sfrp2/Mgll/Prkca/Dgkg/Nlgn1/Spock1/Sema3a/Wasf1/Prdm8/Prickle1/Phactr1/Btbd3/Cdh4/Alk/Prag1/Sema6a/Epha7/Sdk1/Sema5a/Ptpro/Alcam/Dcc/Cntn4/Myo5b/Prkg1/Cit/Gfra1/Ncam2/Arhgef28/Tiam1/Ust/Bcl2/Slit3/Col25a1/Cxcl12/Syt2/Nexn/Tenm3"
"GO:0050919","negative chemotaxis",12,-0.713017442522649,-2.41950772679476,5.10883329047742e-05,0.00256552280456584,0.0021499186318508,295,"tags=75%, list=14%, signal=65%","268902/22253/18187/399558/16410/20346/20358/13841/20564","Robo2/Unc5c/Nrp2/Flrt2/Itgav/Sema3a/Sema6a/Epha7/Slit3"
"GO:0035023","regulation of Rho protein signal transduction",14,-0.639722860122839,-2.29455297477738,6.19047593550623e-05,0.00304255306617434,0.0025496719474571,278,"tags=57%, list=14%, signal=50%","50768/77446/12053/75547/244418/110596/243362/236920","Dlc1/Heg1/Bcl6/Akap13/Prag1/Arhgef28/Stard13/Stard8"
"GO:0007156","homophilic cell adhesion via plasma membrane adhesion molecules",30,-0.510344446639886,-2.36299242768306,7.13001055463669e-05,0.00343131757941891,0.0028754582039423,649,"tags=70%, list=32%, signal=49%","65945/237979/230868/207683/58235/58998/270120/219257/64085/239096/268902/18526/12561/105827/239857/330222/12564/215654/68810/23965/12563","Clstn1/Sdk2/Igsf21/Igsf11/Nectin1/Nectin3/Fat3/Pcdh20/Clstn2/Cdh24/Robo2/Pcdh10/Cdh4/Amigo2/Cadm2/Sdk1/Cdh8/Cdh12/Nexn/Tenm3/Cdh6"
"GO:0060562","epithelial tube morphogenesis",63,-0.380905144698615,-2.17172127970677,0.000134845891526472,0.00635702060053366,0.0053272093344185,491,"tags=48%, list=24%, signal=37%","20496/18749/18763/277939/108655/22417/17128/99683/23908/12826/94109/12808/58234/20191/18129/50768/18021/114249/21676/20319/106042/14260/27428/13841/20356/12043/243362/21813/17127/20315","Slc12a2/Prkacb/Pkd1/C2cd3/Foxp1/Wnt4/Smad4/Sec24b/Hs2st1/Col4a1/Csmd1/Cobl/Shank3/Ryr2/Notch2/Dlc1/Nfatc3/Npnt/Tead1/Sfrp2/Prickle1/Fmn1/Shroom3/Epha7/Sema5a/Bcl2/Stard13/Tgfbr2/Smad3/Cxcl12"
"GO:0015986","proton motive force-driven ATP synthesis",19,0.605418719211823,2.43266725532691,0.000143256482132538,0.00648867595541494,0.00543753706174895,820,"tags=100%, list=40%, signal=61%","407785/66091/66414/75406/66916/230075/67184/68202/68342/104130/595136/78330/68197/66495/66108/66592/69875/72900/67680","Ndufs6/Ndufa3/Ndufa12/Ndufs7/Ndufb7/Ndufb6/Ndufa13/Ndufa5/Ndufb10/Ndufb11/Ndufs5/Ndufv3/Ndufc2/Ndufb3/Ndufa9/Stoml2/Ndufa11/Ndufv2/Sdhb"
"GO:0042776","proton motive force-driven mitochondrial ATP synthesis",19,0.605418719211823,2.43266725532691,0.000143256482132538,0.00648867595541494,0.00543753706174895,820,"tags=100%, list=40%, signal=61%","407785/66091/66414/75406/66916/230075/67184/68202/68342/104130/595136/78330/68197/66495/66108/66592/69875/72900/67680","Ndufs6/Ndufa3/Ndufa12/Ndufs7/Ndufb7/Ndufb6/Ndufa13/Ndufa5/Ndufb10/Ndufb11/Ndufs5/Ndufv3/Ndufc2/Ndufb3/Ndufa9/Stoml2/Ndufa11/Ndufv2/Sdhb"
"GO:0006457","protein folding",25,0.528300616689781,2.2638709674029,0.000149488975745464,0.00664076026869272,0.00556498433999814,844,"tags=92%, list=41%, signal=55%","66101/67199/18637/56612/14227/14976/56031/21371/17713/22327/52838/68833/19035/98828/12539/56812/68559/56330/18221/15528/15502/56323/23950","Ppih/Pfdn1/Pfdn2/Pfdn5/Fkbp2/Pfdn6/Ppie/Tbca/Grpel1/Vbp1/Dnlz/Pdcl3/Ppib/Cdc123/Cdc37/Dnajb2/Pdrg1/Pdcd5/Nudc/Hspe1/Dnaja1/Dnajb5/Dnajb6"
"GO:0007218","neuropeptide signaling pathway",12,0.685089754214562,2.29316336917991,0.000160803112500247,0.0070085884882183,0.00587322589648369,379,"tags=83%, list=18%, signal=68%","381853/239336/13599/225642/209776/18216/12854/20608/109648/20605","Gipr/Rxfp3/Ecel1/Grp/Gpr139/Ntsr1/Cort/Sstr4/Npy/Sstr1"
"GO:0006754","ATP biosynthetic process",25,0.522905736093947,2.24075285402638,0.000179139062535812,0.00713467645616768,0.00597888813073245,882,"tags=96%, list=43%, signal=55%","407785/66091/66414/66401/433182/75406/66916/230075/67184/68202/68342/104130/595136/78330/68197/66495/66108/66592/11674/69875/72900/67680/78830/11545","Ndufs6/Ndufa3/Ndufa12/Nudt2/Eno1b/Ndufs7/Ndufb7/Ndufb6/Ndufa13/Ndufa5/Ndufb10/Ndufb11/Ndufs5/Ndufv3/Ndufc2/Ndufb3/Ndufa9/Stoml2/Aldoa/Ndufa11/Ndufv2/Sdhb/Slc25a12/Parp1"
"GO:0009145","purine nucleoside triphosphate biosynthetic process",25,0.522905736093947,2.24075285402638,0.000179139062535812,0.00713467645616768,0.00597888813073245,882,"tags=96%, list=43%, signal=55%","407785/66091/66414/66401/433182/75406/66916/230075/67184/68202/68342/104130/595136/78330/68197/66495/66108/66592/11674/69875/72900/67680/78830/11545","Ndufs6/Ndufa3/Ndufa12/Nudt2/Eno1b/Ndufs7/Ndufb7/Ndufb6/Ndufa13/Ndufa5/Ndufb10/Ndufb11/Ndufs5/Ndufv3/Ndufc2/Ndufb3/Ndufa9/Stoml2/Aldoa/Ndufa11/Ndufv2/Sdhb/Slc25a12/Parp1"
"GO:0009201","ribonucleoside triphosphate biosynthetic process",25,0.522905736093947,2.24075285402638,0.000179139062535812,0.00713467645616768,0.00597888813073245,882,"tags=96%, list=43%, signal=55%","407785/66091/66414/66401/433182/75406/66916/230075/67184/68202/68342/104130/595136/78330/68197/66495/66108/66592/11674/69875/72900/67680/78830/11545","Ndufs6/Ndufa3/Ndufa12/Nudt2/Eno1b/Ndufs7/Ndufb7/Ndufb6/Ndufa13/Ndufa5/Ndufb10/Ndufb11/Ndufs5/Ndufv3/Ndufc2/Ndufb3/Ndufa9/Stoml2/Aldoa/Ndufa11/Ndufv2/Sdhb/Slc25a12/Parp1"
"GO:0009206","purine ribonucleoside triphosphate biosynthetic process",25,0.522905736093947,2.24075285402638,0.000179139062535812,0.00713467645616768,0.00597888813073245,882,"tags=96%, list=43%, signal=55%","407785/66091/66414/66401/433182/75406/66916/230075/67184/68202/68342/104130/595136/78330/68197/66495/66108/66592/11674/69875/72900/67680/78830/11545","Ndufs6/Ndufa3/Ndufa12/Nudt2/Eno1b/Ndufs7/Ndufb7/Ndufb6/Ndufa13/Ndufa5/Ndufb10/Ndufb11/Ndufs5/Ndufv3/Ndufc2/Ndufb3/Ndufa9/Stoml2/Aldoa/Ndufa11/Ndufv2/Sdhb/Slc25a12/Parp1"
"GO:0051128","regulation of cellular component organization",457,-0.201644316164821,-1.67651751205869,0.000175076473017445,0.00713467645616768,0.00597888813073245,684,"tags=41%, list=33%, signal=35%","208727/13196/11305/19261/117146/83946/24071/214162/210933/76965/72685/270086/65945/54343/328572/20979/240058/14735/227648/622675/15569/71751/24136/27494/11881/78757/17425/20562/11735/27360/16981/19645/20312/59125/96935/72349/239667/23938/319974/19017/277360/207683/238161/407786/234776/241568/68169/241727/20239/16403/74256/245537/14812/27801/215999/243725/76901/58235/217692/116838/18763/21375/108655/20404/108800/230234/58998/13837/14810/53321/320027/105722/233071/11733/22417/17128/11789/104015/76884/331461/19699/16180/70435/217517/330914/22401/94090/270120/14804/108699/18754/77097/20741/12402/83814/225115/18627/329679/64009/12808/58234/19271/64085/227541/238130/216049/242384/268902/241514/15572/74318/50768/13803/14775/116837/73379/260305/20112/12891/218203/18187/399558/98402/238276/69727/19270/18011/80883/270190/21676/228012/20319/269994/23945/18750/18019/11554/12053/16410/110197/192167/75547/20745/20346/544963/83767/104027/106042/260315/14260/67252/12561/11472/12125/68750/23964/108079/105827/11682/244418/13841/20356/19277/18795/13176/17919/20378/12224/243499/12704/54611/15118/21844/12564/216028/21349/338362/12043/14528/17127/20564/20315/20980/68810/16590/99633/66860/23965/666048","Hdac4/Asap1/Abca2/Sirpa/Ube3b/Phip/Synj2bp/Kmt2a/Adgrb3/Slitrk1/Dnajc6/Ogfod1/Clstn1/Atf7ip/Ep300/Syt1/Cpne5/Gpc4/Sec16a/Zfp827/Elavl2/Map3k13/Zeb2/Amot/Arsb/Rictor/Foxk1/Slit1/Ank3/Add3/Lrrn3/Rb1/Cx3cl1/Nek7/Susd4/Dusp3/Dip2b/Map2k5/Auts2/Ppargc1a/Prex1/Igsf11/Akap6/Taf9b/Atmin/Lrrc4c/Ndnf/Snph/Atxn2/Itga6/Cyld/Nlgn3/Grin2b/Zdhhc8/Mcu/Ppp1r9a/Jade2/Nectin1/Sipa1l1/Rims2/Pkd1/Tbr1/Foxp1/Sh3gl2/Ston2/Abitram/Nectin3/Epha3/Grin1/Cntnap1/Fstl4/Ano6/Arhgap33/Ank1/Wnt4/Smad4/Apc/Synj1/Cyfip2/Il1rapl1/Reln/Il1rap/Inf2/Stxbp6/Arhgap32/Zmat3/Trim9/Fat3/Grid2/Chn1/Prkce/Tanc2/Sptb/Cbl/Nedd4l/Svil/Per2/Fnip2/Syne1/Cobl/Shank3/Ptprj/Clstn2/Camk1d/Dock4/Zfp365/Lingo2/Robo2/Zfp804a/Elavl4/Hopx/Dlc1/Enc1/Gpx1/Rims1/Dcbld2/Nphp4/Rps6ka2/Cpne6/Mylip/Nrp2/Flrt2/Sh3bp4/Akap5/Usp46/Ptprg/Neurl1a/Ntng1/Ephb1/Tead1/Tlk1/Sfrp2/Gsg1l/Mgll/Prkca/Nfatc2/Adrb1/Bcl6/Itgav/Dgkg/Nlgn1/Akap13/Spock1/Sema3a/Iqgap2/Wasf1/Synpo/Prickle1/Nav3/Fmn1/Cap2/Cdh4/Actn2/Bcl2l11/Rreb1/Tenm2/Prkaa2/Amigo2/Alk/Prag1/Epha7/Sema5a/Ptpro/Plcb1/Dcc/Myo5b/Frzb/Klf5/Lrrtm4/Cit/Pde3a/Has3/Tiam1/Cdh8/Lrrtm3/Tal1/Ust/Bcl2/Gch1/Smad3/Slit3/Cxcl12/Syt2/Nexn/Kit/Adgrl2/Tanc1/Tenm3/Trabd2b"
"GO:0050808","synapse organization",197,-0.256696550531235,-1.87919350108275,0.000186806970444535,0.00731396782587925,0.00612913503385369,988,"tags=70%, list=48%, signal=40%","22084/70549/12294/13175/21960/16443/19211/16798/260297/319504/386750/50791/223254/13839/17118/26556/13017/245880/56508/57138/320873/11352/18212/73178/14394/67703/14406/103967/329165/18163/17918/76108/20743/13838/54126/20563/17755/67299/73340/70546/18189/229791/16423/26875/170571/319387/12298/13196/14811/117146/70729/210933/76965/65945/237979/14735/14397/15569/27494/13497/20562/11735/16981/230868/232333/207683/241568/20964/245537/14812/27801/243725/18191/58235/217692/116838/20404/58998/13837/14810/53321/233071/104418/76884/331461/13869/109711/19699/12826/16180/14804/77097/20741/11941/56747/58234/64085/238130/216049/242384/268902/241514/116837/219228/12891/18187/399558/238276/13488/18011/80883/12217/270190/234214/18750/192167/20346/83767/104027/106042/67252/11472/105827/13841/330222/19277/17919/243499/12704/21844/12564/216028/55983/99633/66860/23965/12563","Tsc2/Tln2/Cacna2d3/Dclk1/Tnr/Itsn1/Pten/Lats1/Prrt1/Nrcam/Slitrk3/Magi2/Farp1/Epha5/Marcks/Homer1/Ctbp2/Wasf3/Rapgef4/Slc12a5/Cdh10/Abl2/Ntrk2/Wasl/Gabra1/Kirrel3/Gabrg2/Dnm3/Abi2/Ctnnd2/Myo5a/Rap2a/Sptbn2/Epha4/Arhgef7/Slit2/Map1b/Dock7/Nptxr/Zdhhc2/Nrxn1/Plppr4/Cd47/Pclo/Cntnap4/Adgrl3/Cacnb4/Asap1/Grin2a/Ube3b/Nos1ap/Adgrb3/Slitrk1/Clstn1/Sdk2/Gpc4/Gabra4/Elavl2/Amot/Drp2/Slit1/Ank3/Lrrn3/Igsf21/Slc6a1/Igsf11/Lrrc4c/Syn1/Nlgn3/Grin2b/Zdhhc8/Ppp1r9a/Nrxn3/Nectin1/Sipa1l1/Rims2/Sh3gl2/Nectin3/Epha3/Grin1/Cntnap1/Arhgap33/Dgkz/Cyfip2/Il1rapl1/Erbb4/Actn1/Reln/Col4a1/Il1rap/Grid2/Tanc2/Sptb/Atp2b2/Sez6l/Shank3/Clstn2/Dock4/Zfp365/Lingo2/Robo2/Zfp804a/Rims1/Pcdh17/Cpne6/Nrp2/Flrt2/Akap5/Drd1/Neurl1a/Ntng1/Bsn/Ephb1/Sorbs2/Prkca/Nlgn1/Sema3a/Wasf1/Synpo/Prickle1/Cap2/Actn2/Amigo2/Epha7/Sdk1/Ptpro/Myo5b/Lrrtm4/Cit/Tiam1/Cdh8/Lrrtm3/Pdzrn3/Adgrl2/Tanc1/Tenm3/Cdh6"
"GO:1901890","positive regulation of cell junction assembly",37,-0.458844586795167,-2.23114321772654,0.000192226095909639,0.0074007046925211,0.00620182088382151,430,"tags=73%, list=21%, signal=59%","20563/18189/319387/210933/76965/65945/16981/245537/22417/331461/16180/14804/19271/64085/242384/74318/260305/399558/270190/18750/192167/14260/105827/243499/216028/17127/99633","Slit2/Nrxn1/Adgrl3/Adgrb3/Slitrk1/Clstn1/Lrrn3/Nlgn3/Wnt4/Il1rapl1/Il1rap/Grid2/Ptprj/Clstn2/Lingo2/Hopx/Nphp4/Flrt2/Ephb1/Prkca/Nlgn1/Fmn1/Amigo2/Lrrtm4/Lrrtm3/Smad3/Adgrl2"
"GO:1901888","regulation of cell junction assembly",81,-0.342397037217102,-2.09469456623729,0.000208008708611573,0.00787705109660218,0.00660100112401523,671,"tags=63%, list=33%, signal=44%","76108/20563/16971/17755/18189/319387/117146/210933/76965/65945/14735/15569/20562/16981/72349/207683/245537/27801/243725/58235/217692/58998/13837/14810/233071/22417/76884/331461/16180/14804/83814/19271/64085/238130/242384/74318/50768/260305/399558/18011/270190/18750/192167/106042/14260/105827/13841/243499/216028/17127/99633","Rap2a/Slit2/Lrp1/Map1b/Nrxn1/Adgrl3/Ube3b/Adgrb3/Slitrk1/Clstn1/Gpc4/Elavl2/Slit1/Lrrn3/Dusp3/Igsf11/Nlgn3/Zdhhc8/Ppp1r9a/Nectin1/Sipa1l1/Nectin3/Epha3/Grin1/Arhgap33/Wnt4/Cyfip2/Il1rapl1/Il1rap/Grid2/Nedd4l/Ptprj/Clstn2/Dock4/Lingo2/Hopx/Dlc1/Nphp4/Flrt2/Neurl1a/Ephb1/Prkca/Nlgn1/Prickle1/Fmn1/Amigo2/Epha7/Lrrtm4/Lrrtm3/Smad3/Adgrl2"
"GO:0009142","nucleoside triphosphate biosynthetic process",26,0.525707289510241,2.28698309095003,0.000237275876705303,0.00884043992240727,0.00740832491105353,882,"tags=96%, list=43%, signal=55%","407785/66091/66414/66401/433182/22169/75406/66916/230075/67184/68202/68342/104130/595136/78330/68197/66495/66108/66592/11674/69875/72900/67680/78830/11545","Ndufs6/Ndufa3/Ndufa12/Nudt2/Eno1b/Cmpk2/Ndufs7/Ndufb7/Ndufb6/Ndufa13/Ndufa5/Ndufb10/Ndufb11/Ndufs5/Ndufv3/Ndufc2/Ndufb3/Ndufa9/Stoml2/Aldoa/Ndufa11/Ndufv2/Sdhb/Slc25a12/Parp1"
"GO:0099175","regulation of postsynapse organization",60,-0.373693508105845,-2.11098743334093,0.000322029236522743,0.0118077386725006,0.0098949334330046,1151,"tags=93%, list=56%, signal=42%","19353/12323/16560/74143/80913/210274/12569/19266/217480/226778/545156/18015/22084/13175/16443/19211/16798/319504/17118/26556/56508/57138/73178/103967/329165/13838/17755/18189/229791/13196/117146/245537/14812/27801/243725/217692/58998/14810/233071/76884/331461/19699/16180/14804/77097/58234/238130/241514/18187/399558/18011/192167/106042/13841/21844/66860","Rac1/Camk2b/Kif1a/Opa1/Pum2/Shank2/Cdk5r1/Ptprd/Dgkb/Mark1/Kalrn/Nf1/Tsc2/Dclk1/Itsn1/Pten/Lats1/Nrcam/Marcks/Homer1/Rapgef4/Slc12a5/Wasl/Dnm3/Abi2/Epha4/Map1b/Nrxn1/Plppr4/Asap1/Ube3b/Nlgn3/Grin2b/Zdhhc8/Ppp1r9a/Sipa1l1/Nectin3/Grin1/Arhgap33/Cyfip2/Il1rapl1/Reln/Il1rap/Grid2/Tanc2/Shank3/Dock4/Zfp804a/Nrp2/Flrt2/Neurl1a/Nlgn1/Prickle1/Epha7/Tiam1/Tanc1"
"GO:0019646","aerobic electron transport chain",20,0.569061524328907,2.33079790909776,0.000338988630572198,0.0121098609514378,0.0101481131418064,824,"tags=95%, list=40%, signal=57%","12862/407785/67530/66594/22272/75406/12861/230075/57320/12859/68197/66142/13063/66152/12868/66383/72900/67680/12857","Cox6a2/Ndufs6/Uqcrb/Uqcr11/Uqcrq/Ndufs7/Cox6a1/Ndufb6/Park7/Cox5b/Ndufc2/Cox7b/Cycs/Uqcr10/Cox8a/Iscu/Ndufv2/Sdhb/Cox4i1"
"GO:0010257","NADH dehydrogenase complex assembly",16,0.612887358583374,2.319380808902,0.000345996027183936,0.0121098609514378,0.0101481131418064,803,"tags=100%, list=39%, signal=61%","407785/66091/66414/75406/66916/230075/67184/68202/68342/104130/595136/68197/66495/66928/66108/69875","Ndufs6/Ndufa3/Ndufa12/Ndufs7/Ndufb7/Ndufb6/Ndufa13/Ndufa5/Ndufb10/Ndufb11/Ndufs5/Ndufc2/Ndufb3/Dmac1/Ndufa9/Ndufa11"
"GO:0032981","mitochondrial respiratory chain complex I assembly",16,0.612887358583374,2.319380808902,0.000345996027183936,0.0121098609514378,0.0101481131418064,803,"tags=100%, list=39%, signal=61%","407785/66091/66414/75406/66916/230075/67184/68202/68342/104130/595136/68197/66495/66928/66108/69875","Ndufs6/Ndufa3/Ndufa12/Ndufs7/Ndufb7/Ndufb6/Ndufa13/Ndufa5/Ndufb10/Ndufb11/Ndufs5/Ndufc2/Ndufb3/Dmac1/Ndufa9/Ndufa11"
"GO:0051965","positive regulation of synapse assembly",28,-0.488536528152522,-2.22182455013476,0.000414791365664591,0.0143010157415702,0.0119843098422181,772,"tags=75%, list=38%, signal=47%","20563/18189/319387/210933/76965/65945/16981/245537/331461/16180/14804/64085/242384/399558/270190/18750/192167/105827/243499/216028/99633","Slit2/Nrxn1/Adgrl3/Adgrb3/Slitrk1/Clstn1/Lrrn3/Nlgn3/Il1rapl1/Il1rap/Grid2/Clstn2/Lingo2/Flrt2/Ephb1/Prkca/Nlgn1/Amigo2/Lrrtm4/Lrrtm3/Adgrl2"
"GO:0048732","gland development",72,-0.344517366984948,-2.03055268689362,0.000455268967665721,0.0152427000032025,0.0127734451154657,491,"tags=49%, list=24%, signal=38%","20496/18763/327826/16004/78908/22417/17128/11789/15904/13869/58208/18028/18033/70465/94109/11941/239719/12808/57764/16658/20473/18129/14775/20249/18021/18011/20346/12125/68750/20378/12043/12921/21813/17127/17158","Slc12a2/Pkd1/Frs2/Igf2r/Igsf3/Wnt4/Smad4/Apc/Id4/Erbb4/Bcl11b/Nfib/Nfkb1/Wdr77/Csmd1/Atp2b2/Mrtfb/Cobl/Ntn4/Mafb/Six3/Notch2/Gpx1/Scd1/Nfatc3/Neurl1a/Sema3a/Bcl2l11/Rreb1/Frzb/Bcl2/Crhr1/Tgfbr2/Smad3/Man2a1"
"GO:0030036","actin cytoskeleton organization",132,-0.281170683393678,-1.91792686721254,0.000455301428667088,0.0152427000032025,0.0127734451154657,949,"tags=67%, list=46%, signal=38%","16798/18484/18571/23969/223254/13839/226751/17118/245880/212285/11352/73178/50876/329165/74569/16653/18810/271981/17918/320878/76108/20743/54126/20563/16971/330319/16423/320472/229877/26875/13823/19261/207212/70729/74103/328572/24136/27494/78757/17258/27360/20312/319974/277360/243725/13824/217692/20404/230234/13837/17912/22417/17128/76884/109711/14107/70435/18754/20741/269233/225115/239719/57778/12808/58234/50768/12891/223701/12053/75547/544963/83767/104027/14260/27428/218194/67252/11472/20356/54357/17919/12704/12043/243362/17127/236920/16590/232201","Lats1/Pam/Pdcd6ip/Pacsin1/Farp1/Epha5/Cdc42bpa/Marcks/Wasf3/Arap2/Abl2/Wasl/Tmod2/Abi2/Ttc17/Kras/Plec/Tbck/Myo5a/Mical2/Rap2a/Sptbn2/Arhgef7/Slit2/Lrp1/Wipf3/Cd47/Ppm1e/Rap1gds1/Pclo/Epb41l3/Sirpa/Arhgef17/Nos1ap/Nebl/Ep300/Zeb2/Amot/Rictor/Mef2a/Add3/Cx3cl1/Auts2/Prex1/Ppp1r9a/Epb41l4a/Sipa1l1/Sh3gl2/Abitram/Epha3/Myo1b/Wnt4/Smad4/Cyfip2/Actn1/Fat1/Inf2/Prkce/Sptb/Fam171a1/Svil/Mrtfb/Fmnl1/Cobl/Shank3/Dlc1/Cpne6/Mrtfa/Bcl6/Akap13/Iqgap2/Wasf1/Synpo/Fmn1/Shroom3/Phactr1/Cap2/Actn2/Sema5a/Epb41l4b/Myo5b/Cit/Bcl2/Stard13/Smad3/Stard8/Kit/Arhgap25"
"GO:0048667","cell morphogenesis involved in neuron differentiation",193,-0.247427998673098,-1.80875711457587,0.000537873857643266,0.0177498373022278,0.0148744364542251,609,"tags=43%, list=30%, signal=33%","24136/231876/17258/20562/11735/226251/19645/239667/319974/223435/241568/13518/245537/243725/58235/217692/21375/108655/230234/13837/14810/53321/320027/14009/233071/17128/99683/11789/432530/76884/331461/58208/19699/330914/18028/270120/108699/77097/83814/11941/12808/58234/19271/57764/12322/216049/268902/22253/15572/11787/230676/18187/399558/238276/80883/270190/210801/23945/18750/192167/20346/77630/106042/218194/228662/12561/20358/13841/20356/19277/11658/13176/17919/19091/12704/110596/21844/338362/12043/20564/77018/20315/68810","Zeb2/Lmtk2/Mef2a/Slit1/Ank3/Ablim1/Rb1/Dip2b/Auts2/Trio/Lrrc4c/Dst/Nlgn3/Ppp1r9a/Nectin1/Sipa1l1/Tbr1/Foxp1/Abitram/Epha3/Grin1/Cntnap1/Fstl4/Etv1/Arhgap33/Smad4/Sec24b/Apc/Adcy1/Cyfip2/Il1rapl1/Bcl11b/Reln/Arhgap32/Nfib/Fat3/Chn1/Tanc2/Nedd4l/Atp2b2/Cobl/Shank3/Ptprj/Ntn4/Camk2a/Zfp365/Robo2/Unc5c/Elavl4/Apbb2/Szt2/Nrp2/Flrt2/Akap5/Ntng1/Ephb1/Unc5d/Mgll/Prkca/Nlgn1/Sema3a/Prdm8/Prickle1/Phactr1/Btbd3/Cdh4/Sema6a/Epha7/Sema5a/Ptpro/Alcam/Dcc/Myo5b/Prkg1/Cit/Arhgef28/Tiam1/Ust/Bcl2/Slit3/Col25a1/Cxcl12/Nexn"
"GO:0099173","postsynapse organization",99,-0.304063079155726,-1.96443771385874,0.000600889732421346,0.0195500743928635,0.0163830425192417,1161,"tags=86%, list=57%, signal=39%","23859/16560/18213/74143/80913/210274/12569/19266/217480/243621/226778/240057/545156/18015/22084/13175/16443/19211/16798/319504/386750/50791/223254/13839/17118/26556/56508/57138/11352/73178/103967/329165/18163/20743/13838/54126/17755/67299/73340/70546/18189/229791/319387/13196/14811/117146/70729/245537/14812/27801/243725/18191/217692/20404/58998/14810/53321/233071/104418/76884/331461/109711/19699/16180/14804/77097/58234/238130/216049/241514/12891/18187/399558/18011/270190/234214/192167/106042/11472/13841/17919/243499/12704/21844/66860","Dlg2/Kif1a/Ntrk3/Opa1/Pum2/Shank2/Cdk5r1/Ptprd/Dgkb/Iqsec3/Mark1/Syngap1/Kalrn/Nf1/Tsc2/Dclk1/Itsn1/Pten/Lats1/Nrcam/Slitrk3/Magi2/Farp1/Epha5/Marcks/Homer1/Rapgef4/Slc12a5/Abl2/Wasl/Dnm3/Abi2/Ctnnd2/Sptbn2/Epha4/Arhgef7/Map1b/Dock7/Nptxr/Zdhhc2/Nrxn1/Plppr4/Adgrl3/Asap1/Grin2a/Ube3b/Nos1ap/Nlgn3/Grin2b/Zdhhc8/Ppp1r9a/Nrxn3/Sipa1l1/Sh3gl2/Nectin3/Grin1/Cntnap1/Arhgap33/Dgkz/Cyfip2/Il1rapl1/Actn1/Reln/Il1rap/Grid2/Tanc2/Shank3/Dock4/Zfp365/Zfp804a/Cpne6/Nrp2/Flrt2/Neurl1a/Ephb1/Sorbs2/Nlgn1/Prickle1/Actn2/Epha7/Myo5b/Lrrtm4/Cit/Tiam1/Tanc1"
"GO:1902893","regulation of miRNA transcription",14,-0.5864903315212,-2.10361895557669,0.00065465826375438,0.021003619295453,0.0176011191088349,426,"tags=64%, list=21%, signal=51%","17128/18028/239719/18129/18021/223701/21676/12224/17127","Smad4/Nfib/Mrtfb/Notch2/Nfatc3/Mrtfa/Tead1/Klf5/Smad3"
"GO:0003008","system process",293,-0.215630457804321,-1.68308820018711,0.0006910059012122,0.0218660771479477,0.0183238623263048,688,"tags=45%, list=34%, signal=35%","71371/11938/12298/208727/14811/246317/70729/214162/14042/210933/21873/56484/74868/328572/66259/68268/24136/27494/230085/17258/218461/11735/16498/27360/20312/16468/380959/74777/239102/238871/268354/12288/26557/232333/104111/207683/238161/15165/20239/245537/14812/243725/18191/20496/116838/21375/108655/20404/14810/114142/53321/12296/68526/17128/20418/104015/432530/19699/67972/18012/54376/12293/20273/233335/14804/83814/94109/11941/18627/58234/19271/64085/76376/20265/238130/66270/244310/20191/15572/16510/74318/11787/16526/14775/116837/20112/140723/11819/18021/18516/13488/77446/114249/270190/234214/21676/23945/18750/11554/192167/75547/20346/104027/11472/66673/674895/64378/15465/56089/16508/20356/56458/19277/18795/19091/104099/54611/382543/21844/20271/224273/12043/12921/14528/17127/13819/16518/20315/16590/66860/12628/243931","Arid5b/Atp2a2/Cacnb4/Hdac4/Grin2a/Neto1/Nos1ap/Kmt2a/Ext1/Adgrb3/Tjp2/Foxo3/Tmem65/Ep300/Camk2n1/Zdhhc21/Zeb2/Amot/Phf24/Mef2a/Pde8b/Ank3/Kcnab2/Add3/Cx3cl1/Jarid2/Alg10b/Selenon/Zfhx2/Pde4d/Tafa2/Cacna1c/Homer2/Slc6a1/Adcy3/Igsf11/Akap6/Hcn1/Atxn2/Nlgn3/Grin2b/Ppp1r9a/Nrxn3/Slc12a2/Rims2/Tbr1/Foxp1/Sh3gl2/Grin1/Foxp2/Cntnap1/Cacnb2/Gpr155/Smad4/Shc3/Synj1/Adcy1/Reln/Atp2b1/Neurod1/Cacng3/Cacna2d1/Scn8a/Synm/Grid2/Nedd4l/Csmd1/Atp2b2/Per2/Shank3/Ptprj/Clstn2/Slc24a2/Scn1a/Dock4/Retreg1/Dlgap2/Ryr2/Elavl4/Kcnh1/Hopx/Apbb2/Kcnk2/Gpx1/Rims1/Rps6ka2/Cacng5/Nr2f2/Nfatc3/Pbx3/Drd1/Heg1/Npnt/Ephb1/Sorbs2/Tead1/Mgll/Prkca/Adrb1/Nlgn1/Akap13/Sema3a/Synpo/Actn2/Sorcs3/Nek10/Gpr88/Hrh1/Ramp3/Kcnd2/Sema5a/Foxo1/Ptpro/Plcb1/Prkg1/Itga9/Pde3a/Ankfn1/Tiam1/Scn5a/Crybg3/Bcl2/Crhr1/Gch1/Smad3/Epas1/Kcnj2/Cxcl12/Kit/Tanc1/Cfh/Tshz3"
"GO:0051963","regulation of synapse assembly",61,-0.363782058346711,-2.06536210849471,0.000729662903042854,0.0227773149463377,0.0190874833384895,789,"tags=66%, list=39%, signal=42%","76108/20563/17755/18189/319387/117146/210933/76965/65945/14735/15569/20562/16981/207683/245537/27801/243725/58235/217692/58998/14810/233071/76884/331461/16180/14804/64085/238130/242384/399558/18011/270190/18750/192167/106042/105827/13841/243499/216028/99633","Rap2a/Slit2/Map1b/Nrxn1/Adgrl3/Ube3b/Adgrb3/Slitrk1/Clstn1/Gpc4/Elavl2/Slit1/Lrrn3/Igsf11/Nlgn3/Zdhhc8/Ppp1r9a/Nectin1/Sipa1l1/Nectin3/Grin1/Arhgap33/Cyfip2/Il1rapl1/Il1rap/Grid2/Clstn2/Dock4/Lingo2/Flrt2/Neurl1a/Ephb1/Prkca/Nlgn1/Prickle1/Amigo2/Epha7/Lrrtm4/Lrrtm3/Adgrl2"
"GO:0010631","epithelial cell migration",22,-0.499151085247728,-2.08715775439544,0.000856352831144611,0.0253612184608212,0.0212528050806335,426,"tags=59%, list=21%, signal=47%","17128/11789/18754/70097/19279/19270/17311/328949/20346/68750/54357/21813/16590","Smad4/Apc/Prkce/Sash1/Ptprr/Ptprg/Kitl/Mcc/Sema3a/Rreb1/Epb41l4b/Tgfbr2/Kit"
"GO:0090130","tissue migration",22,-0.499151085247728,-2.08715775439544,0.000856352831144611,0.0253612184608212,0.0212528050806335,426,"tags=59%, list=21%, signal=47%","17128/11789/18754/70097/19279/19270/17311/328949/20346/68750/54357/21813/16590","Smad4/Apc/Prkce/Sash1/Ptprr/Ptprg/Kitl/Mcc/Sema3a/Rreb1/Epb41l4b/Tgfbr2/Kit"
"GO:0090132","epithelium migration",22,-0.499151085247728,-2.08715775439544,0.000856352831144611,0.0253612184608212,0.0212528050806335,426,"tags=59%, list=21%, signal=47%","17128/11789/18754/70097/19279/19270/17311/328949/20346/68750/54357/21813/16590","Smad4/Apc/Prkce/Sash1/Ptprr/Ptprg/Kitl/Mcc/Sema3a/Rreb1/Epb41l4b/Tgfbr2/Kit"
"GO:0034329","cell junction assembly",138,-0.273884992924757,-1.88994762980995,0.000825858696627923,0.0253612184608212,0.0212528050806335,885,"tags=67%, list=43%, signal=41%","57138/320873/18212/14394/105352/67703/14406/103967/329165/18810/104010/76108/20743/20563/16971/17755/67299/73340/70546/18189/26875/319387/13823/117146/210933/76965/65945/237979/14735/14397/15569/227937/20562/16981/72349/207683/13518/245537/27801/243725/18191/17475/58235/217692/58998/13837/14810/53321/233071/22417/76884/331461/13869/109711/19699/16180/14804/83814/58234/19271/64085/238130/239096/242384/74318/50768/260305/219228/399558/238276/18011/12217/270190/18750/16410/192167/106042/14260/12561/11472/105827/13841/330222/19277/243499/12564/216028/12043/17127/215654/99633/12563","Slc12a5/Cdh10/Ntrk2/Gabra1/Dusp22/Kirrel3/Gabrg2/Dnm3/Abi2/Plec/Cdh22/Rap2a/Sptbn2/Slit2/Lrp1/Map1b/Dock7/Nptxr/Zdhhc2/Nrxn1/Pclo/Adgrl3/Epb41l3/Ube3b/Adgrb3/Slitrk1/Clstn1/Sdk2/Gpc4/Gabra4/Elavl2/Pkp4/Slit1/Lrrn3/Dusp3/Igsf11/Dst/Nlgn3/Zdhhc8/Ppp1r9a/Nrxn3/Mpdz/Nectin1/Sipa1l1/Nectin3/Epha3/Grin1/Cntnap1/Arhgap33/Wnt4/Cyfip2/Il1rapl1/Erbb4/Actn1/Reln/Il1rap/Grid2/Nedd4l/Shank3/Ptprj/Clstn2/Dock4/Cdh24/Lingo2/Hopx/Dlc1/Nphp4/Pcdh17/Flrt2/Akap5/Neurl1a/Bsn/Ephb1/Prkca/Itgav/Nlgn1/Prickle1/Fmn1/Cdh4/Actn2/Amigo2/Epha7/Sdk1/Ptpro/Lrrtm4/Cdh8/Lrrtm3/Bcl2/Smad3/Cdh12/Adgrl2/Cdh6"
"GO:0071826","protein-RNA complex organization",35,0.446901065873212,2.16620102480762,0.000907544266104928,0.0265370538569922,0.0222381599649162,808,"tags=80%, list=39%, signal=49%","107686/20044/67332/20054/67025/22121/20630/14109/68077/20104/20085/100503670/68988/30946/50783/20103/68011/67204/78655/68135/73830/20638/76183/54127/16418/68184/67671/26905","Snrpd2/Rps14/Snrpd3/Rps15/Rpl11/Rpl13a/Snrpc/Fau/Nop53/Rps6/Rps19/Rpl5/Prpf31/Abt1/Lsm4/Rps5/Snrpg/Eif2s2/Eif3j1/Eif3h/Eif3k/Snrpb/Celf6/Rps28/Eif6/Denr/Rpl38/Eif2s3x"
"GO:0022618","protein-RNA complex assembly",34,0.462429678966796,2.2105050766231,0.000994016208519084,0.0287022180209886,0.0240525764140342,808,"tags=82%, list=39%, signal=51%","107686/20044/67332/20054/67025/22121/20630/14109/68077/20104/20085/100503670/68988/30946/50783/20103/68011/67204/78655/68135/73830/20638/76183/54127/16418/68184/67671/26905","Snrpd2/Rps14/Snrpd3/Rps15/Rpl11/Rpl13a/Snrpc/Fau/Nop53/Rps6/Rps19/Rpl5/Prpf31/Abt1/Lsm4/Rps5/Snrpg/Eif2s2/Eif3j1/Eif3h/Eif3k/Snrpb/Celf6/Rps28/Eif6/Denr/Rpl38/Eif2s3x"
"GO:0007266","Rho protein signal transduction",23,-0.496865302084402,-2.1024718680905,0.00101004251999041,0.0288049163108377,0.0241386380021101,278,"tags=43%, list=14%, signal=38%","50768/117600/77446/11554/12053/75547/244418/110596/243362/236920","Dlc1/Srgap1/Heg1/Adrb1/Bcl6/Akap13/Prag1/Arhgef28/Stard13/Stard8"
"GO:0048858","cell projection morphogenesis",219,-0.226622016925531,-1.68745144175439,0.00109183208515986,0.0303871339363768,0.0254645428612426,543,"tags=39%, list=27%, signal=32%","319974/17965/223435/241568/13518/20239/245537/243725/76901/58235/217692/116838/21375/108655/20404/230234/13837/14810/53321/320027/14009/233071/17128/11789/432530/76884/331461/58208/19699/330914/18028/108699/77097/83814/12808/58234/19271/57764/12322/216049/268902/22253/15572/241134/11787/230676/116837/12891/18187/399558/238276/80883/270190/244281/16880/210801/23945/18750/192167/20346/83767/77630/106042/218194/228662/12561/68750/20358/13841/20356/19277/11658/13176/17919/19091/12704/110596/21844/338362/12043/20564/77018/20315/20980/68810","Auts2/Nbl1/Trio/Lrrc4c/Dst/Atxn2/Nlgn3/Ppp1r9a/Jade2/Nectin1/Sipa1l1/Rims2/Tbr1/Foxp1/Sh3gl2/Abitram/Epha3/Grin1/Cntnap1/Fstl4/Etv1/Arhgap33/Smad4/Apc/Adcy1/Cyfip2/Il1rapl1/Bcl11b/Reln/Arhgap32/Nfib/Chn1/Tanc2/Nedd4l/Cobl/Shank3/Ptprj/Ntn4/Camk2a/Zfp365/Robo2/Unc5c/Elavl4/Nyap2/Apbb2/Szt2/Rims1/Cpne6/Nrp2/Flrt2/Akap5/Ntng1/Ephb1/Myo16/Lifr/Unc5d/Mgll/Prkca/Nlgn1/Sema3a/Wasf1/Prdm8/Prickle1/Phactr1/Btbd3/Cdh4/Rreb1/Sema6a/Epha7/Sema5a/Ptpro/Alcam/Dcc/Myo5b/Prkg1/Cit/Arhgef28/Tiam1/Ust/Bcl2/Slit3/Col25a1/Cxcl12/Syt2/Nexn"
"GO:0120039","plasma membrane bounded cell projection morphogenesis",219,-0.226622016925531,-1.68745144175439,0.00109183208515986,0.0303871339363768,0.0254645428612426,543,"tags=39%, list=27%, signal=32%","319974/17965/223435/241568/13518/20239/245537/243725/76901/58235/217692/116838/21375/108655/20404/230234/13837/14810/53321/320027/14009/233071/17128/11789/432530/76884/331461/58208/19699/330914/18028/108699/77097/83814/12808/58234/19271/57764/12322/216049/268902/22253/15572/241134/11787/230676/116837/12891/18187/399558/238276/80883/270190/244281/16880/210801/23945/18750/192167/20346/83767/77630/106042/218194/228662/12561/68750/20358/13841/20356/19277/11658/13176/17919/19091/12704/110596/21844/338362/12043/20564/77018/20315/20980/68810","Auts2/Nbl1/Trio/Lrrc4c/Dst/Atxn2/Nlgn3/Ppp1r9a/Jade2/Nectin1/Sipa1l1/Rims2/Tbr1/Foxp1/Sh3gl2/Abitram/Epha3/Grin1/Cntnap1/Fstl4/Etv1/Arhgap33/Smad4/Apc/Adcy1/Cyfip2/Il1rapl1/Bcl11b/Reln/Arhgap32/Nfib/Chn1/Tanc2/Nedd4l/Cobl/Shank3/Ptprj/Ntn4/Camk2a/Zfp365/Robo2/Unc5c/Elavl4/Nyap2/Apbb2/Szt2/Rims1/Cpne6/Nrp2/Flrt2/Akap5/Ntng1/Ephb1/Myo16/Lifr/Unc5d/Mgll/Prkca/Nlgn1/Sema3a/Wasf1/Prdm8/Prickle1/Phactr1/Btbd3/Cdh4/Rreb1/Sema6a/Epha7/Sema5a/Ptpro/Alcam/Dcc/Myo5b/Prkg1/Cit/Arhgef28/Tiam1/Ust/Bcl2/Slit3/Col25a1/Cxcl12/Syt2/Nexn"
"GO:0043954","cellular component maintenance",25,-0.471943903179215,-2.07994249999786,0.00121960156016294,0.0335390429044808,0.0281058555030031,903,"tags=84%, list=44%, signal=48%","26556/13017/11352/18189/26875/319387/13823/210933/14812/116838/14810/53321/104418/58234/241514/116837/12217/192167/20346/106042/66860","Homer1/Ctbp2/Abl2/Nrxn1/Pclo/Adgrl3/Epb41l3/Adgrb3/Grin2b/Rims2/Grin1/Cntnap1/Dgkz/Shank3/Zfp804a/Rims1/Bsn/Nlgn1/Sema3a/Prickle1/Tanc1"
"GO:0045685","regulation of glial cell differentiation",15,0.58765630577001,2.17228716795022,0.0013442598687351,0.0365322387856245,0.0306141659269827,49,"tags=20%, list=2%, signal=20%","17257/20423/18205","Mecp2/Shh/Ntf3"
"GO:0042255","ribosome assembly",13,0.621807465618861,2.13883516627721,0.00153469243189646,0.0412225525311724,0.0345446680814883,783,"tags=100%, list=38%, signal=62%","20044/20054/67025/14109/68077/20104/20085/100503670/30946/20103/54127/16418/67671","Rps14/Rps15/Rpl11/Fau/Nop53/Rps6/Rps19/Rpl5/Abt1/Rps5/Rps28/Eif6/Rpl38"
"GO:0047496","vesicle transport along microtubule",11,0.623510964630806,2.04258080193271,0.00172963530402829,0.0459247994517857,0.0384851702856386,1,"tags=9%, list=0%, signal=9%","17257","Mecp2"
"GO:0031112","positive regulation of microtubule polymerization or depolymerization",11,0.621095967167544,2.03466942950304,0.00184305291835329,0.048380139106774,0.0405427549862645,142,"tags=27%, list=7%, signal=26%","17257/27050/15550","Mecp2/Rps3/Htr1a"
"GO:0140053","mitochondrial gene expression",27,0.473735889377074,2.0872938512468,0.00187122438412519,0.0485677340149346,0.0406999602886602,721,"tags=85%, list=35%, signal=56%","66047/68463/79044/15108/19935/66230/66242/67994/107733/67270/67707/67308/68537/66419/78523/56282/94064/64656/66448/67267/66407/14548/27393","Mrpl54/Mrpl14/Mrps34/Hsd17b10/Mrpl23/Mrps28/Mrps16/Mrps11/Mrpl41/Mrpl42/Mrpl24/Mrpl46/Mrpl13/Mrpl11/Mrpl9/Mrpl12/Mrpl27/Mrps23/Mrpl20/Uqcc2/Mrps15/Mrps33/Mrpl39"
"GO:0014013","regulation of gliogenesis",17,0.552205958065304,2.12496073994619,0.00194269807426421,0.0497286982489225,0.0416728530780444,49,"tags=18%, list=2%, signal=17%","17257/20423/18205","Mecp2/Shh/Ntf3"
"GO:0009064","glutamine family amino acid metabolic process",12,0.610133319469601,2.04226580519789,0.00200206447495662,0.0497286982489225,0.0416728530780444,46,"tags=17%, list=2%, signal=16%","17257/216456","Mecp2/Gls2"
"GO:0048863","stem cell differentiation",39,-0.390314074876535,-1.92502640056026,0.00198965642354761,0.0497286982489225,0.0416728530780444,243,"tags=36%, list=12%, signal=32%","18187/17311/20678/20319/18750/20346/106042/20358/20356/20378/21349/12043/21813/16590","Nrp2/Kitl/Sox5/Sfrp2/Prkca/Sema3a/Prickle1/Sema6a/Sema5a/Frzb/Tal1/Bcl2/Tgfbr2/Kit"
"GO:0007423","sensory organ development",92,-0.284303878316907,-1.81443688327498,0.00198306597259206,0.0497286982489225,0.0416728530780444,521,"tags=42%, list=25%, signal=33%","15165/14812/58235/58998/327826/114142/99683/11789/58208/12826/14107/18012/18028/270120/11941/14571/110796/17132/16658/20473/18129/214058/16526/260305/18516/270190/106042/12125/229759/330222/20378/224273/12043/21813/17127/17158/16590/23965/12628","Hcn1/Grin2b/Nectin1/Nectin3/Frs2/Foxp2/Sec24b/Apc/Bcl11b/Col4a1/Fat1/Neurod1/Nfib/Fat3/Atp2b2/Gpd2/Tshz1/Maf/Mafb/Six3/Notch2/Megf11/Kcnk2/Nphp4/Pbx3/Ephb1/Prickle1/Bcl2l11/Olfm3/Sdk1/Frzb/Crybg3/Bcl2/Tgfbr2/Smad3/Man2a1/Kit/Tenm3/Cfh"
